tanggal,komoditas,lokasi,harga
2026-06-02,Beras IR. I (IR 64),Rata-rata DKI Jakarta,15508
2026-06-02,Beras IR. II (IR 64) Ramos,Rata-rata DKI Jakarta,14582
2026-06-02,Beras IR. III (IR 64),Rata-rata DKI Jakarta,13862
2026-06-02,Beras Muncul I,Rata-rata DKI Jakarta,15867
2026-06-02,Beras IR 42/Pera,Rata-rata DKI Jakarta,16539
2026-06-02,Beras Setra I/Premium,Rata-rata DKI Jakarta,16900
2026-06-02,Minyak Goreng (Kuning/Curah),Rata-rata DKI Jakarta,22433
2026-06-02,Cabe Merah Keriting,Rata-rata DKI Jakarta,62640
2026-06-02,Cabe Merah Besar (TW),Rata-rata DKI Jakarta,71100
2026-06-02,Cabe Rawit Merah,Rata-rata DKI Jakarta,85845
2026-06-02,Cabe Rawit Hijau,Rata-rata DKI Jakarta,63000
2026-06-02,Bawang Merah,Rata-rata DKI Jakarta,59879
2026-06-02,Bawang Putih,Rata-rata DKI Jakarta,41498
2026-06-02,Daging Sapi Has (Paha Belakang),Rata-rata DKI Jakarta,152821
2026-06-02,Daging Sapi Murni (Semur),Rata-rata DKI Jakarta,148124
2026-06-02,Ayam Broiler/Ras,Rata-rata DKI Jakarta,43738
2026-06-02,Telur Ayam Ras,Rata-rata DKI Jakarta,28367
2026-06-02,Gula Pasir,Rata-rata DKI Jakarta,18519
2026-06-02,Tepung Terigu,Rata-rata DKI Jakarta,11383
2026-06-02,Garam Dapur,Rata-rata DKI Jakarta,4608
2026-06-02,Kentang (sedang),Rata-rata DKI Jakarta,19364
2026-06-02,Tomat Buah,Rata-rata DKI Jakarta,18895
2026-06-02,Kelapa Kupas,Rata-rata DKI Jakarta,15183
2026-06-02,Semangka,Rata-rata DKI Jakarta,13072
2026-06-02,Jeruk Medan,Rata-rata DKI Jakarta,31967
2026-06-02,Daging Kambing,Rata-rata DKI Jakarta,153250
2026-06-02,Daging Babi Berlemak,Rata-rata DKI Jakarta,105444
2026-06-02,Ikan Bandeng (sedang),Rata-rata DKI Jakarta,43129
2026-06-02,Ikan Mas,Rata-rata DKI Jakarta,42567
2026-06-02,Ikan Lele,Rata-rata DKI Jakarta,30817
2026-06-02,Gas Elpiji 3kg,Rata-rata DKI Jakarta,20533
2026-06-02,Susu Bubuk Bendera 400gr,Rata-rata DKI Jakarta,45000
2026-06-02,Susu Bubuk Dancow 400gr,Rata-rata DKI Jakarta,51250
2026-06-02,Susu Kental Bendera 200gr,Rata-rata DKI Jakarta,13331
2026-06-02,Susu Kental Enak 200gr,Rata-rata DKI Jakarta,12100
2026-06-02,Margarin Blueband Cup,Rata-rata DKI Jakarta,18283
2026-06-02,Margarin Blueband Sachet,Rata-rata DKI Jakarta,10490
2026-06-02,Beras Medium,Rata-rata DKI Jakarta,13500
2026-06-02,Gula Pasir Kemasan Premium,Rata-rata DKI Jakarta,19000
2026-06-02,Minyak Goreng Kemasan Premium,Rata-rata DKI Jakarta,22958
2026-06-02,Minyak Goreng MINYAKITA,Rata-rata DKI Jakarta,17492
2026-06-02,Daging Sapi,Rata-rata DKI Jakarta,149444
2026-06-02,Cabe Rawit Ijo Besar,Rata-rata DKI Jakarta,44167
2026-06-02,Ikan Kembung,Rata-rata DKI Jakarta,49167
2026-06-02,Kacang Kedelai,Rata-rata DKI Jakarta,18444
2026-06-03,Beras IR. I (IR 64),Rata-rata DKI Jakarta,15618
2026-06-03,Beras IR. II (IR 64) Ramos,Rata-rata DKI Jakarta,14761
2026-06-03,Beras IR. III (IR 64),Rata-rata DKI Jakarta,13927
2026-06-03,Beras Muncul I,Rata-rata DKI Jakarta,15406
2026-06-03,Beras IR 42/Pera,Rata-rata DKI Jakarta,16553
2026-06-03,Beras Setra I/Premium,Rata-rata DKI Jakarta,16883
2026-06-03,Minyak Goreng (Kuning/Curah),Rata-rata DKI Jakarta,21644
2026-06-03,Cabe Merah Keriting,Rata-rata DKI Jakarta,64895
2026-06-03,Cabe Merah Besar (TW),Rata-rata DKI Jakarta,69867
2026-06-03,Cabe Rawit Merah,Rata-rata DKI Jakarta,87819
2026-06-03,Cabe Rawit Hijau,Rata-rata DKI Jakarta,64219
2026-06-03,Bawang Merah,Rata-rata DKI Jakarta,62243
2026-06-03,Bawang Putih,Rata-rata DKI Jakarta,42238
2026-06-03,Daging Sapi Has (Paha Belakang),Rata-rata DKI Jakarta,152133
2026-06-03,Daging Sapi Murni (Semur),Rata-rata DKI Jakarta,148167
2026-06-03,Ayam Broiler/Ras,Rata-rata DKI Jakarta,42776
2026-06-03,Telur Ayam Ras,Rata-rata DKI Jakarta,28304
2026-06-03,Gula Pasir,Rata-rata DKI Jakarta,18468
2026-06-03,Tepung Terigu,Rata-rata DKI Jakarta,11573
2026-06-03,Garam Dapur,Rata-rata DKI Jakarta,4629
2026-06-03,Kentang (sedang),Rata-rata DKI Jakarta,19574
2026-06-03,Tomat Buah,Rata-rata DKI Jakarta,19538
2026-06-03,Kelapa Kupas,Rata-rata DKI Jakarta,14673
2026-06-03,Semangka,Rata-rata DKI Jakarta,13747
2026-06-03,Jeruk Medan,Rata-rata DKI Jakarta,31967
2026-06-03,Daging Kambing,Rata-rata DKI Jakarta,152900
2026-06-03,Daging Babi Berlemak,Rata-rata DKI Jakarta,109167
2026-06-03,Ikan Bandeng (sedang),Rata-rata DKI Jakarta,43852
2026-06-03,Ikan Mas,Rata-rata DKI Jakarta,42120
2026-06-03,Ikan Lele,Rata-rata DKI Jakarta,30690
2026-06-03,Gas Elpiji 3kg,Rata-rata DKI Jakarta,20533
2026-06-03,Susu Bubuk Bendera 400gr,Rata-rata DKI Jakarta,45500
2026-06-03,Susu Bubuk Dancow 400gr,Rata-rata DKI Jakarta,52250
2026-06-03,Susu Kental Bendera 200gr,Rata-rata DKI Jakarta,13286
2026-06-03,Susu Kental Enak 200gr,Rata-rata DKI Jakarta,12100
2026-06-03,Margarin Blueband Cup,Rata-rata DKI Jakarta,18383
2026-06-03,Margarin Blueband Sachet,Rata-rata DKI Jakarta,10630
2026-06-03,Beras Medium,Rata-rata DKI Jakarta,13500
2026-06-03,Gula Pasir Kemasan Premium,Rata-rata DKI Jakarta,18667
2026-06-03,Minyak Goreng Kemasan Premium,Rata-rata DKI Jakarta,22542
2026-06-03,Minyak Goreng MINYAKITA,Rata-rata DKI Jakarta,17820
2026-06-03,Daging Sapi,Rata-rata DKI Jakarta,142083
2026-06-03,Cabe Rawit Ijo Besar,Rata-rata DKI Jakarta,44375
2026-06-03,Ikan Kembung,Rata-rata DKI Jakarta,46292
2026-06-03,Kacang Kedelai,Rata-rata DKI Jakarta,19750
2026-06-05,Beras IR. I (IR 64),Rata-rata DKI Jakarta,15725
2026-06-05,Beras IR. II (IR 64) Ramos,Rata-rata DKI Jakarta,14708
2026-06-05,Beras IR. III (IR 64),Rata-rata DKI Jakarta,13842
2026-06-05,Beras Muncul I,Rata-rata DKI Jakarta,11834
2026-06-05,Beras IR 42/Pera,Rata-rata DKI Jakarta,16242
2026-06-05,Beras Setra I/Premium,Rata-rata DKI Jakarta,16750
2026-06-05,Minyak Goreng (Kuning/Curah),Rata-rata DKI Jakarta,21367
2026-06-05,Cabe Merah Keriting,Rata-rata DKI Jakarta,61986
2026-06-05,Cabe Merah Besar (TW),Rata-rata DKI Jakarta,71533
2026-06-05,Cabe Rawit Merah,Rata-rata DKI Jakarta,84024
2026-06-05,Cabe Rawit Hijau,Rata-rata DKI Jakarta,62976
2026-06-05,Bawang Merah,Rata-rata DKI Jakarta,60274
2026-06-05,Bawang Putih,Rata-rata DKI Jakarta,41776
2026-06-05,Daging Sapi Has (Paha Belakang),Rata-rata DKI Jakarta,153238
2026-06-05,Daging Sapi Murni (Semur),Rata-rata DKI Jakarta,148190
2026-06-05,Ayam Broiler/Ras,Rata-rata DKI Jakarta,42562
2026-06-05,Telur Ayam Ras,Rata-rata DKI Jakarta,27826
2026-06-05,Gula Pasir,Rata-rata DKI Jakarta,18569
2026-06-05,Tepung Terigu,Rata-rata DKI Jakarta,11417
2026-06-05,Garam Dapur,Rata-rata DKI Jakarta,4667
2026-06-05,Kentang (sedang),Rata-rata DKI Jakarta,19545
2026-06-05,Tomat Buah,Rata-rata DKI Jakarta,18914
2026-06-05,Kelapa Kupas,Rata-rata DKI Jakarta,14717
2026-06-05,Semangka,Rata-rata DKI Jakarta,13783
2026-06-05,Jeruk Medan,Rata-rata DKI Jakarta,31800
2026-06-05,Daging Kambing,Rata-rata DKI Jakarta,152000
2026-06-05,Daging Babi Berlemak,Rata-rata DKI Jakarta,106833
2026-06-05,Ikan Bandeng (sedang),Rata-rata DKI Jakarta,44095
2026-06-05,Ikan Mas,Rata-rata DKI Jakarta,42103
2026-06-05,Ikan Lele,Rata-rata DKI Jakarta,30817
2026-06-05,Gas Elpiji 3kg,Rata-rata DKI Jakarta,20500
2026-06-05,Susu Bubuk Bendera 400gr,Rata-rata DKI Jakarta,45000
2026-06-05,Susu Bubuk Dancow 400gr,Rata-rata DKI Jakarta,52250
2026-06-05,Susu Kental Bendera 200gr,Rata-rata DKI Jakarta,13228
2026-06-05,Susu Kental Enak 200gr,Rata-rata DKI Jakarta,11960
2026-06-05,Margarin Blueband Cup,Rata-rata DKI Jakarta,18450
2026-06-05,Margarin Blueband Sachet,Rata-rata DKI Jakarta,10629
2026-06-05,Beras Medium,Rata-rata DKI Jakarta,13000
2026-06-05,Gula Pasir Kemasan Premium,Rata-rata DKI Jakarta,18938
2026-06-05,Minyak Goreng Kemasan Premium,Rata-rata DKI Jakarta,22792
2026-06-05,Minyak Goreng MINYAKITA,Rata-rata DKI Jakarta,17279
2026-06-05,Daging Sapi,Rata-rata DKI Jakarta,150000
2026-06-05,Cabe Rawit Ijo Besar,Rata-rata DKI Jakarta,49375
2026-06-05,Ikan Kembung,Rata-rata DKI Jakarta,45000
2026-06-05,Kacang Kedelai,Rata-rata DKI Jakarta,18889
2026-06-07,Beras IR. I (IR 64),Rata-rata DKI Jakarta,15715
2026-06-07,Beras IR. II (IR 64) Ramos,Rata-rata DKI Jakarta,14300
2026-06-07,Beras IR. III (IR 64),Rata-rata DKI Jakarta,13533
2026-06-07,Beras Muncul I,Rata-rata DKI Jakarta,15667
2026-06-07,Beras IR 42/Pera,Rata-rata DKI Jakarta,16095
2026-06-07,Beras Setra I/Premium,Rata-rata DKI Jakarta,16783
2026-06-07,Minyak Goreng (Kuning/Curah),Rata-rata DKI Jakarta,21817
2026-06-07,Cabe Merah Keriting,Rata-rata DKI Jakarta,64167
2026-06-07,Cabe Merah Besar (TW),Rata-rata DKI Jakarta,70250
2026-06-07,Cabe Rawit Merah,Rata-rata DKI Jakarta,83650
2026-06-07,Cabe Rawit Hijau,Rata-rata DKI Jakarta,62500
2026-06-07,Bawang Merah,Rata-rata DKI Jakarta,60323
2026-06-07,Bawang Putih,Rata-rata DKI Jakarta,42137
2026-06-07,Daging Sapi Has (Paha Belakang),Rata-rata DKI Jakarta,151133
2026-06-07,Daging Sapi Murni (Semur),Rata-rata DKI Jakarta,148533
2026-06-07,Ayam Broiler/Ras,Rata-rata DKI Jakarta,41250
2026-06-07,Telur Ayam Ras,Rata-rata DKI Jakarta,27810
2026-06-07,Gula Pasir,Rata-rata DKI Jakarta,18637
2026-06-07,Tepung Terigu,Rata-rata DKI Jakarta,11658
2026-06-07,Garam Dapur,Rata-rata DKI Jakarta,4875
2026-06-07,Kentang (sedang),Rata-rata DKI Jakarta,19680
2026-06-07,Tomat Buah,Rata-rata DKI Jakarta,19417
2026-06-07,Kelapa Kupas,Rata-rata DKI Jakarta,15133
2026-06-07,Semangka,Rata-rata DKI Jakarta,13700
2026-06-07,Jeruk Medan,Rata-rata DKI Jakarta,32233
2026-06-07,Daging Kambing,Rata-rata DKI Jakarta,151667
2026-06-07,Daging Babi Berlemak,Rata-rata DKI Jakarta,111667
2026-06-07,Ikan Bandeng (sedang),Rata-rata DKI Jakarta,43767
2026-06-07,Ikan Mas,Rata-rata DKI Jakarta,41900
2026-06-07,Ikan Lele,Rata-rata DKI Jakarta,30900
2026-06-07,Gas Elpiji 3kg,Rata-rata DKI Jakarta,20625
2026-06-07,Susu Bubuk Bendera 400gr,Rata-rata DKI Jakarta,45000
2026-06-07,Susu Bubuk Dancow 400gr,Rata-rata DKI Jakarta,57500
2026-06-07,Susu Kental Bendera 200gr,Rata-rata DKI Jakarta,13545
2026-06-07,Susu Kental Enak 200gr,Rata-rata DKI Jakarta,12200
2026-06-07,Margarin Blueband Cup,Rata-rata DKI Jakarta,17933
2026-06-07,Margarin Blueband Sachet,Rata-rata DKI Jakarta,10598
2026-06-07,Beras Medium,Rata-rata DKI Jakarta,14000
2026-06-07,Gula Pasir Kemasan Premium,Rata-rata DKI Jakarta,19250
2026-06-07,Minyak Goreng Kemasan Premium,Rata-rata DKI Jakarta,23250
2026-06-07,Minyak Goreng MINYAKITA,Rata-rata DKI Jakarta,16938
2026-06-07,Daging Sapi,Rata-rata DKI Jakarta,150000
2026-06-07,Cabe Rawit Ijo Besar,Rata-rata DKI Jakarta,45000
2026-06-07,Ikan Kembung,Rata-rata DKI Jakarta,48333
2026-06-07,Kacang Kedelai,Rata-rata DKI Jakarta,21000
2026-06-08,Beras IR. I (IR 64),Rata-rata DKI Jakarta,15482
2026-06-08,Beras IR. II (IR 64) Ramos,Rata-rata DKI Jakarta,14669
2026-06-08,Beras IR. III (IR 64),Rata-rata DKI Jakarta,13874
2026-06-08,Beras Muncul I,Rata-rata DKI Jakarta,15854
2026-06-08,Beras IR 42/Pera,Rata-rata DKI Jakarta,16361
2026-06-08,Beras Setra I/Premium,Rata-rata DKI Jakarta,16484
2026-06-08,Minyak Goreng (Kuning/Curah),Rata-rata DKI Jakarta,21820
2026-06-08,Cabe Merah Keriting,Rata-rata DKI Jakarta,57793
2026-06-08,Cabe Merah Besar (TW),Rata-rata DKI Jakarta,69933
2026-06-08,Cabe Rawit Merah,Rata-rata DKI Jakarta,79300
2026-06-08,Cabe Rawit Hijau,Rata-rata DKI Jakarta,62033
2026-06-08,Bawang Merah,Rata-rata DKI Jakarta,59527
2026-06-08,Bawang Putih,Rata-rata DKI Jakarta,42040
2026-06-08,Daging Sapi Has (Paha Belakang),Rata-rata DKI Jakarta,152583
2026-06-08,Daging Sapi Murni (Semur),Rata-rata DKI Jakarta,148167
2026-06-08,Ayam Broiler/Ras,Rata-rata DKI Jakarta,42813
2026-06-08,Telur Ayam Ras,Rata-rata DKI Jakarta,27887
2026-06-08,Gula Pasir,Rata-rata DKI Jakarta,18527
2026-06-08,Tepung Terigu,Rata-rata DKI Jakarta,11427
2026-06-08,Garam Dapur,Rata-rata DKI Jakarta,4557
2026-06-08,Kentang (sedang),Rata-rata DKI Jakarta,19500
2026-06-08,Tomat Buah,Rata-rata DKI Jakarta,19060
2026-06-08,Kelapa Kupas,Rata-rata DKI Jakarta,14653
2026-06-08,Semangka,Rata-rata DKI Jakarta,13820
2026-06-08,Jeruk Medan,Rata-rata DKI Jakarta,31767
2026-06-08,Daging Kambing,Rata-rata DKI Jakarta,152900
2026-06-08,Daging Babi Berlemak,Rata-rata DKI Jakarta,103750
2026-06-08,Ikan Bandeng (sedang),Rata-rata DKI Jakarta,44367
2026-06-08,Ikan Mas,Rata-rata DKI Jakarta,41920
2026-06-08,Ikan Lele,Rata-rata DKI Jakarta,30690
2026-06-08,Gas Elpiji 3kg,Rata-rata DKI Jakarta,20667
2026-06-08,Susu Bubuk Bendera 400gr,Rata-rata DKI Jakarta,45000
2026-06-08,Susu Bubuk Dancow 400gr,Rata-rata DKI Jakarta,53250
2026-06-08,Susu Kental Bendera 200gr,Rata-rata DKI Jakarta,13247
2026-06-08,Susu Kental Enak 200gr,Rata-rata DKI Jakarta,12060
2026-06-08,Margarin Blueband Cup,Rata-rata DKI Jakarta,18040
2026-06-08,Margarin Blueband Sachet,Rata-rata DKI Jakarta,10513
2026-06-08,Beras Medium,Rata-rata DKI Jakarta,13500
2026-06-08,Gula Pasir Kemasan Premium,Rata-rata DKI Jakarta,18771
2026-06-08,Minyak Goreng Kemasan Premium,Rata-rata DKI Jakarta,22958
2026-06-08,Minyak Goreng MINYAKITA,Rata-rata DKI Jakarta,17163
2026-06-08,Daging Sapi,Rata-rata DKI Jakarta,149583
2026-06-08,Cabe Rawit Ijo Besar,Rata-rata DKI Jakarta,46250
2026-06-08,Ikan Kembung,Rata-rata DKI Jakarta,45417
2026-06-08,Kacang Kedelai,Rata-rata DKI Jakarta,17917
2026-06-09,Beras IR. I (IR 64),Rata-rata DKI Jakarta,15555
2026-06-09,Beras IR. II (IR 64) Ramos,Rata-rata DKI Jakarta,14600
2026-06-09,Beras IR. III (IR 64),Rata-rata DKI Jakarta,13861
2026-06-09,Beras Muncul I,Rata-rata DKI Jakarta,15692
2026-06-09,Beras IR 42/Pera,Rata-rata DKI Jakarta,16310
2026-06-09,Beras Setra I/Premium,Rata-rata DKI Jakarta,16754
2026-06-09,Minyak Goreng (Kuning/Curah),Rata-rata DKI Jakarta,21600
2026-06-09,Cabe Merah Keriting,Rata-rata DKI Jakarta,59240
2026-06-09,Cabe Merah Besar (TW),Rata-rata DKI Jakarta,68450
2026-06-09,Cabe Rawit Merah,Rata-rata DKI Jakarta,81004
2026-06-09,Cabe Rawit Hijau,Rata-rata DKI Jakarta,60680
2026-06-09,Bawang Merah,Rata-rata DKI Jakarta,59731
2026-06-09,Bawang Putih,Rata-rata DKI Jakarta,42711
2026-06-09,Daging Sapi Has (Paha Belakang),Rata-rata DKI Jakarta,152821
2026-06-09,Daging Sapi Murni (Semur),Rata-rata DKI Jakarta,148424
2026-06-09,Ayam Broiler/Ras,Rata-rata DKI Jakarta,42566
2026-06-09,Telur Ayam Ras,Rata-rata DKI Jakarta,27914
2026-06-09,Gula Pasir,Rata-rata DKI Jakarta,18572
2026-06-09,Tepung Terigu,Rata-rata DKI Jakarta,11563
2026-06-09,Garam Dapur,Rata-rata DKI Jakarta,4623
2026-06-09,Kentang (sedang),Rata-rata DKI Jakarta,19511
2026-06-09,Tomat Buah,Rata-rata DKI Jakarta,18945
2026-06-09,Kelapa Kupas,Rata-rata DKI Jakarta,14667
2026-06-09,Semangka,Rata-rata DKI Jakarta,13703
2026-06-09,Jeruk Medan,Rata-rata DKI Jakarta,31200
2026-06-09,Daging Kambing,Rata-rata DKI Jakarta,152833
2026-06-09,Daging Babi Berlemak,Rata-rata DKI Jakarta,106833
2026-06-09,Ikan Bandeng (sedang),Rata-rata DKI Jakarta,44495
2026-06-09,Ikan Mas,Rata-rata DKI Jakarta,42040
2026-06-09,Ikan Lele,Rata-rata DKI Jakarta,30663
2026-06-09,Gas Elpiji 3kg,Rata-rata DKI Jakarta,20533
2026-06-09,Susu Bubuk Bendera 400gr,Rata-rata DKI Jakarta,45000
2026-06-09,Susu Bubuk Dancow 400gr,Rata-rata DKI Jakarta,51250
2026-06-09,Susu Kental Bendera 200gr,Rata-rata DKI Jakarta,13318
2026-06-09,Susu Kental Enak 200gr,Rata-rata DKI Jakarta,12100
2026-06-09,Margarin Blueband Cup,Rata-rata DKI Jakarta,18157
2026-06-09,Margarin Blueband Sachet,Rata-rata DKI Jakarta,10642
2026-06-09,Beras Medium,Rata-rata DKI Jakarta,14000
2026-06-09,Gula Pasir Kemasan Premium,Rata-rata DKI Jakarta,19063
2026-06-09,Minyak Goreng Kemasan Premium,Rata-rata DKI Jakarta,22625
2026-06-09,Minyak Goreng MINYAKITA,Rata-rata DKI Jakarta,17604
2026-06-09,Daging Sapi,Rata-rata DKI Jakarta,150000
2026-06-09,Cabe Rawit Ijo Besar,Rata-rata DKI Jakarta,46875
2026-06-09,Ikan Kembung,Rata-rata DKI Jakarta,46250
2026-06-09,Kacang Kedelai,Rata-rata DKI Jakarta,17583
2026-06-11,Beras IR. I (IR 64),Rata-rata DKI Jakarta,15729
2026-06-11,Beras IR. II (IR 64) Ramos,Rata-rata DKI Jakarta,14733
2026-06-11,Beras IR. III (IR 64),Rata-rata DKI Jakarta,13909
2026-06-11,Beras Muncul I,Rata-rata DKI Jakarta,15560
2026-06-11,Beras IR 42/Pera,Rata-rata DKI Jakarta,16548
2026-06-11,Beras Setra I/Premium,Rata-rata DKI Jakarta,16904
2026-06-11,Minyak Goreng (Kuning/Curah),Rata-rata DKI Jakarta,21684
2026-06-11,Cabe Merah Keriting,Rata-rata DKI Jakarta,56907
2026-06-11,Cabe Merah Besar (TW),Rata-rata DKI Jakarta,70067
2026-06-11,Cabe Rawit Merah,Rata-rata DKI Jakarta,80137
2026-06-11,Cabe Rawit Hijau,Rata-rata DKI Jakarta,60766
2026-06-11,Bawang Merah,Rata-rata DKI Jakarta,58465
2026-06-11,Bawang Putih,Rata-rata DKI Jakarta,42742
2026-06-11,Daging Sapi Has (Paha Belakang),Rata-rata DKI Jakarta,152955
2026-06-11,Daging Sapi Murni (Semur),Rata-rata DKI Jakarta,148309
2026-06-11,Ayam Broiler/Ras,Rata-rata DKI Jakarta,43524
2026-06-11,Telur Ayam Ras,Rata-rata DKI Jakarta,27961
2026-06-11,Gula Pasir,Rata-rata DKI Jakarta,18609
2026-06-11,Tepung Terigu,Rata-rata DKI Jakarta,11323
2026-06-11,Garam Dapur,Rata-rata DKI Jakarta,4582
2026-06-11,Kentang (sedang),Rata-rata DKI Jakarta,19501
2026-06-11,Tomat Buah,Rata-rata DKI Jakarta,19178
2026-06-11,Kelapa Kupas,Rata-rata DKI Jakarta,14697
2026-06-11,Semangka,Rata-rata DKI Jakarta,13533
2026-06-11,Jeruk Medan,Rata-rata DKI Jakarta,31967
2026-06-11,Daging Kambing,Rata-rata DKI Jakarta,152900
2026-06-11,Daging Babi Berlemak,Rata-rata DKI Jakarta,106167
2026-06-11,Ikan Bandeng (sedang),Rata-rata DKI Jakarta,43143
2026-06-11,Ikan Mas,Rata-rata DKI Jakarta,42370
2026-06-11,Ikan Lele,Rata-rata DKI Jakarta,30413
2026-06-11,Gas Elpiji 3kg,Rata-rata DKI Jakarta,20533
2026-06-11,Susu Bubuk Bendera 400gr,Rata-rata DKI Jakarta,45000
2026-06-11,Susu Bubuk Dancow 400gr,Rata-rata DKI Jakarta,52250
2026-06-11,Susu Kental Bendera 200gr,Rata-rata DKI Jakarta,13263
2026-06-11,Susu Kental Enak 200gr,Rata-rata DKI Jakarta,12067
2026-06-11,Margarin Blueband Cup,Rata-rata DKI Jakarta,18130
2026-06-11,Margarin Blueband Sachet,Rata-rata DKI Jakarta,10712
2026-06-11,Beras Medium,Rata-rata DKI Jakarta,13500
2026-06-11,Gula Pasir Kemasan Premium,Rata-rata DKI Jakarta,18875
2026-06-11,Minyak Goreng Kemasan Premium,Rata-rata DKI Jakarta,23021
2026-06-11,Minyak Goreng MINYAKITA,Rata-rata DKI Jakarta,17217
2026-06-11,Daging Sapi,Rata-rata DKI Jakarta,149375
2026-06-11,Cabe Rawit Ijo Besar,Rata-rata DKI Jakarta,45000
2026-06-11,Ikan Kembung,Rata-rata DKI Jakarta,45417
2026-06-11,Kacang Kedelai,Rata-rata DKI Jakarta,17917
2026-06-12,Beras IR. I (IR 64),Rata-rata DKI Jakarta,15568
2026-06-12,Beras IR. II (IR 64) Ramos,Rata-rata DKI Jakarta,14727
2026-06-12,Beras IR. III (IR 64),Rata-rata DKI Jakarta,13929
2026-06-12,Beras Muncul I,Rata-rata DKI Jakarta,15518
2026-06-12,Beras IR 42/Pera,Rata-rata DKI Jakarta,16377
2026-06-12,Beras Setra I/Premium,Rata-rata DKI Jakarta,17054
2026-06-12,Minyak Goreng (Kuning/Curah),Rata-rata DKI Jakarta,22044
2026-06-12,Cabe Merah Keriting,Rata-rata DKI Jakarta,57290
2026-06-12,Cabe Merah Besar (TW),Rata-rata DKI Jakarta,69417
2026-06-12,Cabe Rawit Merah,Rata-rata DKI Jakarta,79394
2026-06-12,Cabe Rawit Hijau,Rata-rata DKI Jakarta,61137
2026-06-12,Bawang Merah,Rata-rata DKI Jakarta,58331
2026-06-12,Bawang Putih,Rata-rata DKI Jakarta,43328
2026-06-12,Daging Sapi Has (Paha Belakang),Rata-rata DKI Jakarta,152821
2026-06-12,Daging Sapi Murni (Semur),Rata-rata DKI Jakarta,148524
2026-06-12,Ayam Broiler/Ras,Rata-rata DKI Jakarta,42337
2026-06-12,Telur Ayam Ras,Rata-rata DKI Jakarta,27926
2026-06-12,Gula Pasir,Rata-rata DKI Jakarta,18624
2026-06-12,Tepung Terigu,Rata-rata DKI Jakarta,11415
2026-06-12,Garam Dapur,Rata-rata DKI Jakarta,4509
2026-06-12,Kentang (sedang),Rata-rata DKI Jakarta,19619
2026-06-12,Tomat Buah,Rata-rata DKI Jakarta,19209
2026-06-12,Kelapa Kupas,Rata-rata DKI Jakarta,14587
2026-06-12,Semangka,Rata-rata DKI Jakarta,13707
2026-06-12,Jeruk Medan,Rata-rata DKI Jakarta,31767
2026-06-12,Daging Kambing,Rata-rata DKI Jakarta,152900
2026-06-12,Daging Babi Berlemak,Rata-rata DKI Jakarta,106167
2026-06-12,Ikan Bandeng (sedang),Rata-rata DKI Jakarta,43702
2026-06-12,Ikan Mas,Rata-rata DKI Jakarta,41953
2026-06-12,Ikan Lele,Rata-rata DKI Jakarta,30373
2026-06-12,Gas Elpiji 3kg,Rata-rata DKI Jakarta,20533
2026-06-12,Susu Bubuk Bendera 400gr,Rata-rata DKI Jakarta,45000
2026-06-12,Susu Bubuk Dancow 400gr,Rata-rata DKI Jakarta,41800
2026-06-12,Susu Kental Bendera 200gr,Rata-rata DKI Jakarta,13263
2026-06-12,Susu Kental Enak 200gr,Rata-rata DKI Jakarta,12067
2026-06-12,Margarin Blueband Cup,Rata-rata DKI Jakarta,18130
2026-06-12,Margarin Blueband Sachet,Rata-rata DKI Jakarta,10642
2026-06-12,Beras Medium,Rata-rata DKI Jakarta,13500
2026-06-12,Gula Pasir Kemasan Premium,Rata-rata DKI Jakarta,18896
2026-06-12,Minyak Goreng Kemasan Premium,Rata-rata DKI Jakarta,22729
2026-06-12,Minyak Goreng MINYAKITA,Rata-rata DKI Jakarta,17217
2026-06-12,Daging Sapi,Rata-rata DKI Jakarta,149583
2026-06-12,Cabe Rawit Ijo Besar,Rata-rata DKI Jakarta,44375
2026-06-12,Ikan Kembung,Rata-rata DKI Jakarta,45417
2026-06-12,Kacang Kedelai,Rata-rata DKI Jakarta,16292
2026-06-13,Beras IR. I (IR 64),Rata-rata DKI Jakarta,15581
2026-06-13,Beras IR. II (IR 64) Ramos,Rata-rata DKI Jakarta,14571
2026-06-13,Beras IR. III (IR 64),Rata-rata DKI Jakarta,13862
2026-06-13,Beras Muncul I,Rata-rata DKI Jakarta,15583
2026-06-13,Beras IR 42/Pera,Rata-rata DKI Jakarta,16347
2026-06-13,Beras Setra I/Premium,Rata-rata DKI Jakarta,16135
2026-06-13,Minyak Goreng (Kuning/Curah),Rata-rata DKI Jakarta,21970
2026-06-13,Cabe Merah Keriting,Rata-rata DKI Jakarta,56455
2026-06-13,Cabe Merah Besar (TW),Rata-rata DKI Jakarta,67250
2026-06-13,Cabe Rawit Merah,Rata-rata DKI Jakarta,79000
2026-06-13,Cabe Rawit Hijau,Rata-rata DKI Jakarta,61283
2026-06-13,Bawang Merah,Rata-rata DKI Jakarta,58271
2026-06-13,Bawang Putih,Rata-rata DKI Jakarta,38371
2026-06-13,Daging Sapi Has (Paha Belakang),Rata-rata DKI Jakarta,153488
2026-06-13,Daging Sapi Murni (Semur),Rata-rata DKI Jakarta,148357
2026-06-13,Ayam Broiler/Ras,Rata-rata DKI Jakarta,42616
2026-06-13,Telur Ayam Ras,Rata-rata DKI Jakarta,28054
2026-06-13,Gula Pasir,Rata-rata DKI Jakarta,18622
2026-06-13,Tepung Terigu,Rata-rata DKI Jakarta,11470
2026-06-13,Garam Dapur,Rata-rata DKI Jakarta,4852
2026-06-13,Kentang (sedang),Rata-rata DKI Jakarta,19472
2026-06-13,Tomat Buah,Rata-rata DKI Jakarta,19246
2026-06-13,Kelapa Kupas,Rata-rata DKI Jakarta,14870
2026-06-13,Semangka,Rata-rata DKI Jakarta,14008
2026-06-13,Jeruk Medan,Rata-rata DKI Jakarta,31417
2026-06-13,Daging Kambing,Rata-rata DKI Jakarta,154250
2026-06-13,Daging Babi Berlemak,Rata-rata DKI Jakarta,104778
2026-06-13,Ikan Bandeng (sedang),Rata-rata DKI Jakarta,44095
2026-06-13,Ikan Mas,Rata-rata DKI Jakarta,41983
2026-06-13,Ikan Lele,Rata-rata DKI Jakarta,30483
2026-06-13,Gas Elpiji 3kg,Rata-rata DKI Jakarta,20533
2026-06-13,Susu Bubuk Bendera 400gr,Rata-rata DKI Jakarta,45000
2026-06-13,Susu Bubuk Dancow 400gr,Rata-rata DKI Jakarta,51250
2026-06-13,Susu Kental Bendera 200gr,Rata-rata DKI Jakarta,13348
2026-06-13,Susu Kental Enak 200gr,Rata-rata DKI Jakarta,12100
2026-06-13,Margarin Blueband Cup,Rata-rata DKI Jakarta,18017
2026-06-13,Margarin Blueband Sachet,Rata-rata DKI Jakarta,10592
2026-06-13,Beras Medium,Rata-rata DKI Jakarta,14000
2026-06-13,Gula Pasir Kemasan Premium,Rata-rata DKI Jakarta,18917
2026-06-13,Minyak Goreng Kemasan Premium,Rata-rata DKI Jakarta,22708
2026-06-13,Minyak Goreng MINYAKITA,Rata-rata DKI Jakarta,17975
2026-06-13,Daging Sapi,Rata-rata DKI Jakarta,149444
2026-06-13,Cabe Rawit Ijo Besar,Rata-rata DKI Jakarta,43750
2026-06-13,Ikan Kembung,Rata-rata DKI Jakarta,48333
2026-06-13,Kacang Kedelai,Rata-rata DKI Jakarta,18556
2026-06-14,Beras IR. I (IR 64),Rata-rata DKI Jakarta,15532
2026-06-14,Beras IR. II (IR 64) Ramos,Rata-rata DKI Jakarta,14509
2026-06-14,Beras IR. III (IR 64),Rata-rata DKI Jakarta,13728
2026-06-14,Beras Muncul I,Rata-rata DKI Jakarta,15361
2026-06-14,Beras IR 42/Pera,Rata-rata DKI Jakarta,16344
2026-06-14,Beras Setra I/Premium,Rata-rata DKI Jakarta,17261
2026-06-14,Minyak Goreng (Kuning/Curah),Rata-rata DKI Jakarta,21550
2026-06-14,Cabe Merah Keriting,Rata-rata DKI Jakarta,55850
2026-06-14,Cabe Merah Besar (TW),Rata-rata DKI Jakarta,69400
2026-06-14,Cabe Rawit Merah,Rata-rata DKI Jakarta,80300
2026-06-14,Cabe Rawit Hijau,Rata-rata DKI Jakarta,61917
2026-06-14,Bawang Merah,Rata-rata DKI Jakarta,58117
2026-06-14,Bawang Putih,Rata-rata DKI Jakarta,43320
2026-06-14,Daging Sapi Has (Paha Belakang),Rata-rata DKI Jakarta,152917
2026-06-14,Daging Sapi Murni (Semur),Rata-rata DKI Jakarta,147833
2026-06-14,Ayam Broiler/Ras,Rata-rata DKI Jakarta,43550
2026-06-14,Telur Ayam Ras,Rata-rata DKI Jakarta,28033
2026-06-14,Gula Pasir,Rata-rata DKI Jakarta,18700
2026-06-14,Tepung Terigu,Rata-rata DKI Jakarta,11413
2026-06-14,Garam Dapur,Rata-rata DKI Jakarta,4517
2026-06-14,Kentang (sedang),Rata-rata DKI Jakarta,19447
2026-06-14,Tomat Buah,Rata-rata DKI Jakarta,19057
2026-06-14,Kelapa Kupas,Rata-rata DKI Jakarta,14733
2026-06-14,Semangka,Rata-rata DKI Jakarta,13350
2026-06-14,Jeruk Medan,Rata-rata DKI Jakarta,32067
2026-06-14,Daging Kambing,Rata-rata DKI Jakarta,152833
2026-06-14,Daging Babi Berlemak,Rata-rata DKI Jakarta,91667
2026-06-14,Ikan Bandeng (sedang),Rata-rata DKI Jakarta,42767
2026-06-14,Ikan Mas,Rata-rata DKI Jakarta,42537
2026-06-14,Ikan Lele,Rata-rata DKI Jakarta,30550
2026-06-14,Gas Elpiji 3kg,Rata-rata DKI Jakarta,19500
2026-06-14,Susu Bubuk Bendera 400gr,Rata-rata DKI Jakarta,45000
2026-06-14,Susu Bubuk Dancow 400gr,Rata-rata DKI Jakarta,51667
2026-06-14,Susu Kental Bendera 200gr,Rata-rata DKI Jakarta,13320
2026-06-14,Susu Kental Enak 200gr,Rata-rata DKI Jakarta,12133
2026-06-14,Margarin Blueband Cup,Rata-rata DKI Jakarta,18200
2026-06-14,Margarin Blueband Sachet,Rata-rata DKI Jakarta,10633
2026-06-14,Beras Medium,Rata-rata DKI Jakarta,14000
2026-06-14,Gula Pasir Kemasan Premium,Rata-rata DKI Jakarta,19000
2026-06-14,Minyak Goreng Kemasan Premium,Rata-rata DKI Jakarta,21875
2026-06-14,Minyak Goreng MINYAKITA,Rata-rata DKI Jakarta,17975
2026-06-14,Daging Sapi,Rata-rata DKI Jakarta,150000
2026-06-14,Cabe Rawit Ijo Besar,Rata-rata DKI Jakarta,38750
2026-06-14,Ikan Kembung,Rata-rata DKI Jakarta,48333
2026-06-14,Kacang Kedelai,Rata-rata DKI Jakarta,20250
2026-06-16,Beras IR. I (IR 64),Rata-rata DKI Jakarta,15612
2026-06-16,Beras IR. II (IR 64) Ramos,Rata-rata DKI Jakarta,14542
2026-06-16,Beras IR. III (IR 64),Rata-rata DKI Jakarta,13742
2026-06-16,Beras Muncul I,Rata-rata DKI Jakarta,16167
2026-06-16,Beras IR 42/Pera,Rata-rata DKI Jakarta,15967
2026-06-16,Beras Setra I/Premium,Rata-rata DKI Jakarta,17050
2026-06-16,Minyak Goreng (Kuning/Curah),Rata-rata DKI Jakarta,21813
2026-06-16,Cabe Merah Keriting,Rata-rata DKI Jakarta,56638
2026-06-16,Cabe Merah Besar (TW),Rata-rata DKI Jakarta,64167
2026-06-16,Cabe Rawit Merah,Rata-rata DKI Jakarta,77717
2026-06-16,Cabe Rawit Hijau,Rata-rata DKI Jakarta,60860
2026-06-16,Bawang Merah,Rata-rata DKI Jakarta,58410
2026-06-16,Bawang Putih,Rata-rata DKI Jakarta,43381
2026-06-16,Daging Sapi Has (Paha Belakang),Rata-rata DKI Jakarta,152838
2026-06-16,Daging Sapi Murni (Semur),Rata-rata DKI Jakarta,148190
2026-06-16,Ayam Broiler/Ras,Rata-rata DKI Jakarta,41936
2026-06-16,Telur Ayam Ras,Rata-rata DKI Jakarta,27317
2026-06-16,Gula Pasir,Rata-rata DKI Jakarta,18652
2026-06-16,Tepung Terigu,Rata-rata DKI Jakarta,11383
2026-06-16,Garam Dapur,Rata-rata DKI Jakarta,4608
2026-06-16,Kentang (sedang),Rata-rata DKI Jakarta,19597
2026-06-16,Tomat Buah,Rata-rata DKI Jakarta,19021
2026-06-16,Kelapa Kupas,Rata-rata DKI Jakarta,14650
2026-06-16,Semangka,Rata-rata DKI Jakarta,13967
2026-06-16,Jeruk Medan,Rata-rata DKI Jakarta,32653
2026-06-16,Daging Kambing,Rata-rata DKI Jakarta,151500
2026-06-16,Daging Babi Berlemak,Rata-rata DKI Jakarta,104778
2026-06-16,Ikan Bandeng (sedang),Rata-rata DKI Jakarta,44195
2026-06-16,Ikan Mas,Rata-rata DKI Jakarta,41750
2026-06-16,Ikan Lele,Rata-rata DKI Jakarta,31067
2026-06-16,Gas Elpiji 3kg,Rata-rata DKI Jakarta,20500
2026-06-16,Susu Bubuk Bendera 400gr,Rata-rata DKI Jakarta,45000
2026-06-16,Susu Bubuk Dancow 400gr,Rata-rata DKI Jakarta,52250
2026-06-16,Susu Kental Bendera 200gr,Rata-rata DKI Jakarta,13264
2026-06-16,Susu Kental Enak 200gr,Rata-rata DKI Jakarta,12027
2026-06-16,Margarin Blueband Cup,Rata-rata DKI Jakarta,17950
2026-06-16,Margarin Blueband Sachet,Rata-rata DKI Jakarta,10629
2026-06-16,Beras Medium,Rata-rata DKI Jakarta,13000
2026-06-16,Gula Pasir Kemasan Premium,Rata-rata DKI Jakarta,18792
2026-06-16,Minyak Goreng Kemasan Premium,Rata-rata DKI Jakarta,22917
2026-06-16,Minyak Goreng MINYAKITA,Rata-rata DKI Jakarta,16954
2026-06-16,Daging Sapi,Rata-rata DKI Jakarta,147500
2026-06-16,Cabe Rawit Ijo Besar,Rata-rata DKI Jakarta,40208
2026-06-16,Ikan Kembung,Rata-rata DKI Jakarta,46667
2026-06-16,Kacang Kedelai,Rata-rata DKI Jakarta,20334
2026-06-17,Beras IR. I (IR 64),Rata-rata DKI Jakarta,15524
2026-06-17,Beras IR. II (IR 64) Ramos,Rata-rata DKI Jakarta,14640
2026-06-17,Beras IR. III (IR 64),Rata-rata DKI Jakarta,13862
2026-06-17,Beras Muncul I,Rata-rata DKI Jakarta,15922
2026-06-17,Beras IR 42/Pera,Rata-rata DKI Jakarta,16185
2026-06-17,Beras Setra I/Premium,Rata-rata DKI Jakarta,17048
2026-06-17,Minyak Goreng (Kuning/Curah),Rata-rata DKI Jakarta,21674
2026-06-17,Cabe Merah Keriting,Rata-rata DKI Jakarta,54764
2026-06-17,Cabe Merah Besar (TW),Rata-rata DKI Jakarta,63100
2026-06-17,Cabe Rawit Merah,Rata-rata DKI Jakarta,78090
2026-06-17,Cabe Rawit Hijau,Rata-rata DKI Jakarta,61286
2026-06-17,Bawang Merah,Rata-rata DKI Jakarta,57069
2026-06-17,Bawang Putih,Rata-rata DKI Jakarta,44110
2026-06-17,Daging Sapi Has (Paha Belakang),Rata-rata DKI Jakarta,153155
2026-06-17,Daging Sapi Murni (Semur),Rata-rata DKI Jakarta,148924
2026-06-17,Ayam Broiler/Ras,Rata-rata DKI Jakarta,42417
2026-06-17,Telur Ayam Ras,Rata-rata DKI Jakarta,27842
2026-06-17,Gula Pasir,Rata-rata DKI Jakarta,18509
2026-06-17,Tepung Terigu,Rata-rata DKI Jakarta,11403
2026-06-17,Garam Dapur,Rata-rata DKI Jakarta,4554
2026-06-17,Kentang (sedang),Rata-rata DKI Jakarta,19522
2026-06-17,Tomat Buah,Rata-rata DKI Jakarta,19662
2026-06-17,Kelapa Kupas,Rata-rata DKI Jakarta,14637
2026-06-17,Semangka,Rata-rata DKI Jakarta,13942
2026-06-17,Jeruk Medan,Rata-rata DKI Jakarta,31917
2026-06-17,Daging Kambing,Rata-rata DKI Jakarta,152900
2026-06-17,Daging Babi Berlemak,Rata-rata DKI Jakarta,104778
2026-06-17,Ikan Bandeng (sedang),Rata-rata DKI Jakarta,43929
2026-06-17,Ikan Mas,Rata-rata DKI Jakarta,41983
2026-06-17,Ikan Lele,Rata-rata DKI Jakarta,30383
2026-06-17,Gas Elpiji 3kg,Rata-rata DKI Jakarta,20533
2026-06-17,Susu Bubuk Bendera 400gr,Rata-rata DKI Jakarta,45000
2026-06-17,Susu Bubuk Dancow 400gr,Rata-rata DKI Jakarta,52250
2026-06-17,Susu Kental Bendera 200gr,Rata-rata DKI Jakarta,13331
2026-06-17,Susu Kental Enak 200gr,Rata-rata DKI Jakarta,12067
2026-06-17,Margarin Blueband Cup,Rata-rata DKI Jakarta,17940
2026-06-17,Margarin Blueband Sachet,Rata-rata DKI Jakarta,10642
2026-06-17,Beras Medium,Rata-rata DKI Jakarta,13500
2026-06-17,Gula Pasir Kemasan Premium,Rata-rata DKI Jakarta,18875
2026-06-17,Minyak Goreng Kemasan Premium,Rata-rata DKI Jakarta,22604
2026-06-17,Minyak Goreng MINYAKITA,Rata-rata DKI Jakarta,17492
2026-06-17,Daging Sapi,Rata-rata DKI Jakarta,149444
2026-06-17,Cabe Rawit Ijo Besar,Rata-rata DKI Jakarta,41250
2026-06-17,Ikan Kembung,Rata-rata DKI Jakarta,47222
2026-06-17,Kacang Kedelai,Rata-rata DKI Jakarta,18556
2026-06-18,Beras IR. I (IR 64),Rata-rata DKI Jakarta,15573
2026-06-18,Beras IR. II (IR 64) Ramos,Rata-rata DKI Jakarta,14698
2026-06-18,Beras IR. III (IR 64),Rata-rata DKI Jakarta,13967
2026-06-18,Beras Muncul I,Rata-rata DKI Jakarta,15817
2026-06-18,Beras IR 42/Pera,Rata-rata DKI Jakarta,16274
2026-06-18,Beras Setra I/Premium,Rata-rata DKI Jakarta,16791
2026-06-18,Minyak Goreng (Kuning/Curah),Rata-rata DKI Jakarta,21611
2026-06-18,Cabe Merah Keriting,Rata-rata DKI Jakarta,57683
2026-06-18,Cabe Merah Besar (TW),Rata-rata DKI Jakarta,63967
2026-06-18,Cabe Rawit Merah,Rata-rata DKI Jakarta,77912
2026-06-18,Cabe Rawit Hijau,Rata-rata DKI Jakarta,60617
2026-06-18,Bawang Merah,Rata-rata DKI Jakarta,57360
2026-06-18,Bawang Putih,Rata-rata DKI Jakarta,44303
2026-06-18,Daging Sapi Has (Paha Belakang),Rata-rata DKI Jakarta,154155
2026-06-18,Daging Sapi Murni (Semur),Rata-rata DKI Jakarta,149190
2026-06-18,Ayam Broiler/Ras,Rata-rata DKI Jakarta,41257
2026-06-18,Telur Ayam Ras,Rata-rata DKI Jakarta,27792
2026-06-18,Gula Pasir,Rata-rata DKI Jakarta,18609
2026-06-18,Tepung Terigu,Rata-rata DKI Jakarta,11390
2026-06-18,Garam Dapur,Rata-rata DKI Jakarta,4611
2026-06-18,Kentang (sedang),Rata-rata DKI Jakarta,19457
2026-06-18,Tomat Buah,Rata-rata DKI Jakarta,19611
2026-06-18,Kelapa Kupas,Rata-rata DKI Jakarta,14467
2026-06-18,Semangka,Rata-rata DKI Jakarta,13559
2026-06-18,Jeruk Medan,Rata-rata DKI Jakarta,33367
2026-06-18,Daging Kambing,Rata-rata DKI Jakarta,153625
2026-06-18,Daging Babi Berlemak,Rata-rata DKI Jakarta,107833
2026-06-18,Ikan Bandeng (sedang),Rata-rata DKI Jakarta,44429
2026-06-18,Ikan Mas,Rata-rata DKI Jakarta,41123
2026-06-18,Ikan Lele,Rata-rata DKI Jakarta,30413
2026-06-18,Gas Elpiji 3kg,Rata-rata DKI Jakarta,20667
2026-06-18,Susu Bubuk Bendera 400gr,Rata-rata DKI Jakarta,45000
2026-06-18,Susu Bubuk Dancow 400gr,Rata-rata DKI Jakarta,52250
2026-06-18,Susu Kental Bendera 200gr,Rata-rata DKI Jakarta,13383
2026-06-18,Susu Kental Enak 200gr,Rata-rata DKI Jakarta,12000
2026-06-18,Margarin Blueband Cup,Rata-rata DKI Jakarta,17780
2026-06-18,Margarin Blueband Sachet,Rata-rata DKI Jakarta,10762
2026-06-18,Beras Medium,Rata-rata DKI Jakarta,13500
2026-06-18,Gula Pasir Kemasan Premium,Rata-rata DKI Jakarta,18813
2026-06-18,Minyak Goreng Kemasan Premium,Rata-rata DKI Jakarta,23063
2026-06-18,Minyak Goreng MINYAKITA,Rata-rata DKI Jakarta,17300
2026-06-18,Daging Sapi,Rata-rata DKI Jakarta,149444
2026-06-18,Cabe Rawit Ijo Besar,Rata-rata DKI Jakarta,44375
2026-06-18,Ikan Kembung,Rata-rata DKI Jakarta,47917
2026-06-18,Kacang Kedelai,Rata-rata DKI Jakarta,15556
2026-06-19,Beras IR. I (IR 64),Rata-rata DKI Jakarta,15337
2026-06-19,Beras IR. II (IR 64) Ramos,Rata-rata DKI Jakarta,14660
2026-06-19,Beras IR. III (IR 64),Rata-rata DKI Jakarta,13826
2026-06-19,Beras Muncul I,Rata-rata DKI Jakarta,15858
2026-06-19,Beras IR 42/Pera,Rata-rata DKI Jakarta,16405
2026-06-19,Beras Setra I/Premium,Rata-rata DKI Jakarta,16854
2026-06-19,Minyak Goreng (Kuning/Curah),Rata-rata DKI Jakarta,21587
2026-06-19,Cabe Merah Keriting,Rata-rata DKI Jakarta,54409
2026-06-19,Cabe Merah Besar (TW),Rata-rata DKI Jakarta,63267
2026-06-19,Cabe Rawit Merah,Rata-rata DKI Jakarta,75760
2026-06-19,Cabe Rawit Hijau,Rata-rata DKI Jakarta,60036
2026-06-19,Bawang Merah,Rata-rata DKI Jakarta,55498
2026-06-19,Bawang Putih,Rata-rata DKI Jakarta,45041
2026-06-19,Daging Sapi Has (Paha Belakang),Rata-rata DKI Jakarta,153321
2026-06-19,Daging Sapi Murni (Semur),Rata-rata DKI Jakarta,143664
2026-06-19,Ayam Broiler/Ras,Rata-rata DKI Jakarta,42059
2026-06-19,Telur Ayam Ras,Rata-rata DKI Jakarta,27709
2026-06-19,Gula Pasir,Rata-rata DKI Jakarta,18586
2026-06-19,Tepung Terigu,Rata-rata DKI Jakarta,11257
2026-06-19,Garam Dapur,Rata-rata DKI Jakarta,4507
2026-06-19,Kentang (sedang),Rata-rata DKI Jakarta,19299
2026-06-19,Tomat Buah,Rata-rata DKI Jakarta,19377
2026-06-19,Kelapa Kupas,Rata-rata DKI Jakarta,14593
2026-06-19,Semangka,Rata-rata DKI Jakarta,13893
2026-06-19,Jeruk Medan,Rata-rata DKI Jakarta,32467
2026-06-19,Daging Kambing,Rata-rata DKI Jakarta,146050
2026-06-19,Daging Babi Berlemak,Rata-rata DKI Jakarta,106167
2026-06-19,Ikan Bandeng (sedang),Rata-rata DKI Jakarta,44445
2026-06-19,Ikan Mas,Rata-rata DKI Jakarta,42040
2026-06-19,Ikan Lele,Rata-rata DKI Jakarta,30413
2026-06-19,Gas Elpiji 3kg,Rata-rata DKI Jakarta,20533
2026-06-19,Susu Bubuk Bendera 400gr,Rata-rata DKI Jakarta,45000
2026-06-19,Susu Bubuk Dancow 400gr,Rata-rata DKI Jakarta,52250
2026-06-19,Susu Kental Bendera 200gr,Rata-rata DKI Jakarta,13544
2026-06-19,Susu Kental Enak 200gr,Rata-rata DKI Jakarta,11960
2026-06-19,Margarin Blueband Cup,Rata-rata DKI Jakarta,18130
2026-06-19,Margarin Blueband Sachet,Rata-rata DKI Jakarta,10575
2026-06-19,Beras Medium,Rata-rata DKI Jakarta,13500
2026-06-19,Gula Pasir Kemasan Premium,Rata-rata DKI Jakarta,18813
2026-06-19,Minyak Goreng Kemasan Premium,Rata-rata DKI Jakarta,22938
2026-06-19,Minyak Goreng MINYAKITA,Rata-rata DKI Jakarta,17300
2026-06-19,Daging Sapi,Rata-rata DKI Jakarta,149375
2026-06-19,Cabe Rawit Ijo Besar,Rata-rata DKI Jakarta,43333
2026-06-19,Ikan Kembung,Rata-rata DKI Jakarta,47917
2026-06-19,Kacang Kedelai,Rata-rata DKI Jakarta,17917
2026-06-22,Beras IR. I (IR 64),Rata-rata DKI Jakarta,15516
2026-06-22,Beras IR. II (IR 64) Ramos,Rata-rata DKI Jakarta,14700
2026-06-22,Beras IR. III (IR 64),Rata-rata DKI Jakarta,13867
2026-06-22,Beras Muncul I,Rata-rata DKI Jakarta,15667
2026-06-22,Beras IR 42/Pera,Rata-rata DKI Jakarta,16404
2026-06-22,Beras Setra I/Premium,Rata-rata DKI Jakarta,16925
2026-06-22,Minyak Goreng (Kuning/Curah),Rata-rata DKI Jakarta,21533
2026-06-22,Cabe Merah Keriting,Rata-rata DKI Jakarta,54524
2026-06-22,Cabe Merah Besar (TW),Rata-rata DKI Jakarta,61900
2026-06-22,Cabe Rawit Merah,Rata-rata DKI Jakarta,74819
2026-06-22,Cabe Rawit Hijau,Rata-rata DKI Jakarta,59329
2026-06-22,Bawang Merah,Rata-rata DKI Jakarta,55324
2026-06-22,Bawang Putih,Rata-rata DKI Jakarta,44074
2026-06-22,Daging Sapi Has (Paha Belakang),Rata-rata DKI Jakarta,148119
2026-06-22,Daging Sapi Murni (Semur),Rata-rata DKI Jakarta,148190
2026-06-22,Ayam Broiler/Ras,Rata-rata DKI Jakarta,41744
2026-06-22,Telur Ayam Ras,Rata-rata DKI Jakarta,27500
2026-06-22,Gula Pasir,Rata-rata DKI Jakarta,18509
2026-06-22,Tepung Terigu,Rata-rata DKI Jakarta,11503
2026-06-22,Garam Dapur,Rata-rata DKI Jakarta,4529
2026-06-22,Kentang (sedang),Rata-rata DKI Jakarta,19424
2026-06-22,Tomat Buah,Rata-rata DKI Jakarta,19231
2026-06-22,Kelapa Kupas,Rata-rata DKI Jakarta,14687
2026-06-22,Semangka,Rata-rata DKI Jakarta,13817
2026-06-22,Jeruk Medan,Rata-rata DKI Jakarta,31817
2026-06-22,Daging Kambing,Rata-rata DKI Jakarta,152400
2026-06-22,Daging Babi Berlemak,Rata-rata DKI Jakarta,106167
2026-06-22,Ikan Bandeng (sedang),Rata-rata DKI Jakarta,44095
2026-06-22,Ikan Mas,Rata-rata DKI Jakarta,41733
2026-06-22,Ikan Lele,Rata-rata DKI Jakarta,30650
2026-06-22,Gas Elpiji 3kg,Rata-rata DKI Jakarta,20500
2026-06-22,Susu Bubuk Bendera 400gr,Rata-rata DKI Jakarta,45000
2026-06-22,Susu Bubuk Dancow 400gr,Rata-rata DKI Jakarta,52250
2026-06-22,Susu Kental Bendera 200gr,Rata-rata DKI Jakarta,13298
2026-06-22,Susu Kental Enak 200gr,Rata-rata DKI Jakarta,12033
2026-06-22,Margarin Blueband Cup,Rata-rata DKI Jakarta,18440
2026-06-22,Margarin Blueband Sachet,Rata-rata DKI Jakarta,10671
2026-06-22,Beras Medium,Rata-rata DKI Jakarta,13500
2026-06-22,Gula Pasir Kemasan Premium,Rata-rata DKI Jakarta,18729
2026-06-22,Minyak Goreng Kemasan Premium,Rata-rata DKI Jakarta,22396
2026-06-22,Minyak Goreng MINYAKITA,Rata-rata DKI Jakarta,17038
2026-06-22,Daging Sapi,Rata-rata DKI Jakarta,149583
2026-06-22,Cabe Rawit Ijo Besar,Rata-rata DKI Jakarta,43750
2026-06-22,Ikan Kembung,Rata-rata DKI Jakarta,45417
2026-06-22,Kacang Kedelai,Rata-rata DKI Jakarta,17917
2026-06-23,Beras IR. I (IR 64),Rata-rata DKI Jakarta,15659
2026-06-23,Beras IR. II (IR 64) Ramos,Rata-rata DKI Jakarta,14569
2026-06-23,Beras IR. III (IR 64),Rata-rata DKI Jakarta,13800
2026-06-23,Beras Muncul I,Rata-rata DKI Jakarta,15733
2026-06-23,Beras IR 42/Pera,Rata-rata DKI Jakarta,16484
2026-06-23,Beras Setra I/Premium,Rata-rata DKI Jakarta,16065
2026-06-23,Minyak Goreng (Kuning/Curah),Rata-rata DKI Jakarta,22050
2026-06-23,Cabe Merah Keriting,Rata-rata DKI Jakarta,53200
2026-06-23,Cabe Merah Besar (TW),Rata-rata DKI Jakarta,63400
2026-06-23,Cabe Rawit Merah,Rata-rata DKI Jakarta,72600
2026-06-23,Cabe Rawit Hijau,Rata-rata DKI Jakarta,60132
2026-06-23,Bawang Merah,Rata-rata DKI Jakarta,54769
2026-06-23,Bawang Putih,Rata-rata DKI Jakarta,43998
2026-06-23,Daging Sapi Has (Paha Belakang),Rata-rata DKI Jakarta,153821
2026-06-23,Daging Sapi Murni (Semur),Rata-rata DKI Jakarta,147857
2026-06-23,Ayam Broiler/Ras,Rata-rata DKI Jakarta,43832
2026-06-23,Telur Ayam Ras,Rata-rata DKI Jakarta,27620
2026-06-23,Gula Pasir,Rata-rata DKI Jakarta,18649
2026-06-23,Tepung Terigu,Rata-rata DKI Jakarta,11430
2026-06-23,Garam Dapur,Rata-rata DKI Jakarta,4763
2026-06-23,Kentang (sedang),Rata-rata DKI Jakarta,19553
2026-06-23,Tomat Buah,Rata-rata DKI Jakarta,19267
2026-06-23,Kelapa Kupas,Rata-rata DKI Jakarta,14833
2026-06-23,Semangka,Rata-rata DKI Jakarta,13643
2026-06-23,Jeruk Medan,Rata-rata DKI Jakarta,31400
2026-06-23,Daging Kambing,Rata-rata DKI Jakarta,153333
2026-06-23,Daging Babi Berlemak,Rata-rata DKI Jakarta,106167
2026-06-23,Ikan Bandeng (sedang),Rata-rata DKI Jakarta,44179
2026-06-23,Ikan Mas,Rata-rata DKI Jakarta,42973
2026-06-23,Ikan Lele,Rata-rata DKI Jakarta,30240
2026-06-23,Gas Elpiji 3kg,Rata-rata DKI Jakarta,20533
2026-06-23,Susu Bubuk Bendera 400gr,Rata-rata DKI Jakarta,45000
2026-06-23,Susu Bubuk Dancow 400gr,Rata-rata DKI Jakarta,51250
2026-06-23,Susu Kental Bendera 200gr,Rata-rata DKI Jakarta,13317
2026-06-23,Susu Kental Enak 200gr,Rata-rata DKI Jakarta,12100
2026-06-23,Margarin Blueband Cup,Rata-rata DKI Jakarta,17980
2026-06-23,Margarin Blueband Sachet,Rata-rata DKI Jakarta,10717
2026-06-23,Beras Medium,Rata-rata DKI Jakarta,14000
2026-06-23,Gula Pasir Kemasan Premium,Rata-rata DKI Jakarta,18854
2026-06-23,Minyak Goreng Kemasan Premium,Rata-rata DKI Jakarta,22875
2026-06-23,Minyak Goreng MINYAKITA,Rata-rata DKI Jakarta,17604
2026-06-23,Daging Sapi,Rata-rata DKI Jakarta,150000
2026-06-23,Cabe Rawit Ijo Besar,Rata-rata DKI Jakarta,42708
2026-06-23,Ikan Kembung,Rata-rata DKI Jakarta,46250
2026-06-23,Kacang Kedelai,Rata-rata DKI Jakarta,18889
2026-06-24,Beras IR. I (IR 64),Rata-rata DKI Jakarta,15322
2026-06-24,Beras IR. II (IR 64) Ramos,Rata-rata DKI Jakarta,14658
2026-06-24,Beras IR. III (IR 64),Rata-rata DKI Jakarta,13957
2026-06-24,Beras Muncul I,Rata-rata DKI Jakarta,15692
2026-06-24,Beras IR 42/Pera,Rata-rata DKI Jakarta,16503
2026-06-24,Beras Setra I/Premium,Rata-rata DKI Jakarta,16902
2026-06-24,Minyak Goreng (Kuning/Curah),Rata-rata DKI Jakarta,21967
2026-06-24,Cabe Merah Keriting,Rata-rata DKI Jakarta,50933
2026-06-24,Cabe Merah Besar (TW),Rata-rata DKI Jakarta,61267
2026-06-24,Cabe Rawit Merah,Rata-rata DKI Jakarta,69483
2026-06-24,Cabe Rawit Hijau,Rata-rata DKI Jakarta,57295
2026-06-24,Bawang Merah,Rata-rata DKI Jakarta,53843
2026-06-24,Bawang Putih,Rata-rata DKI Jakarta,44098
2026-06-24,Daging Sapi Has (Paha Belakang),Rata-rata DKI Jakarta,152821
2026-06-24,Daging Sapi Murni (Semur),Rata-rata DKI Jakarta,148024
2026-06-24,Ayam Broiler/Ras,Rata-rata DKI Jakarta,43166
2026-06-24,Telur Ayam Ras,Rata-rata DKI Jakarta,27407
2026-06-24,Gula Pasir,Rata-rata DKI Jakarta,18599
2026-06-24,Tepung Terigu,Rata-rata DKI Jakarta,11457
2026-06-24,Garam Dapur,Rata-rata DKI Jakarta,4522
2026-06-24,Kentang (sedang),Rata-rata DKI Jakarta,19506
2026-06-24,Tomat Buah,Rata-rata DKI Jakarta,18785
2026-06-24,Kelapa Kupas,Rata-rata DKI Jakarta,14750
2026-06-24,Semangka,Rata-rata DKI Jakarta,13893
2026-06-24,Jeruk Medan,Rata-rata DKI Jakarta,31067
2026-06-24,Daging Kambing,Rata-rata DKI Jakarta,152000
2026-06-24,Daging Babi Berlemak,Rata-rata DKI Jakarta,106167
2026-06-24,Ikan Bandeng (sedang),Rata-rata DKI Jakarta,43579
2026-06-24,Ikan Mas,Rata-rata DKI Jakarta,42457
2026-06-24,Ikan Lele,Rata-rata DKI Jakarta,30413
2026-06-24,Gas Elpiji 3kg,Rata-rata DKI Jakarta,20533
2026-06-24,Susu Bubuk Bendera 400gr,Rata-rata DKI Jakarta,45000
2026-06-24,Susu Bubuk Dancow 400gr,Rata-rata DKI Jakarta,52250
2026-06-24,Susu Kental Bendera 200gr,Rata-rata DKI Jakarta,13278
2026-06-24,Susu Kental Enak 200gr,Rata-rata DKI Jakarta,12060
2026-06-24,Margarin Blueband Cup,Rata-rata DKI Jakarta,18080
2026-06-24,Margarin Blueband Sachet,Rata-rata DKI Jakarta,10829
2026-06-24,Beras Medium,Rata-rata DKI Jakarta,13000
2026-06-24,Gula Pasir Kemasan Premium,Rata-rata DKI Jakarta,18854
2026-06-24,Minyak Goreng Kemasan Premium,Rata-rata DKI Jakarta,22667
2026-06-24,Minyak Goreng MINYAKITA,Rata-rata DKI Jakarta,17300
2026-06-24,Daging Sapi,Rata-rata DKI Jakarta,150000
2026-06-24,Cabe Rawit Ijo Besar,Rata-rata DKI Jakarta,42708
2026-06-24,Ikan Kembung,Rata-rata DKI Jakarta,45000
2026-06-24,Kacang Kedelai,Rata-rata DKI Jakarta,18889
2026-06-25,Beras IR. I (IR 64),Rata-rata DKI Jakarta,15395
2026-06-25,Beras IR. II (IR 64) Ramos,Rata-rata DKI Jakarta,14600
2026-06-25,Beras IR. III (IR 64),Rata-rata DKI Jakarta,14000
2026-06-25,Beras Muncul I,Rata-rata DKI Jakarta,15583
2026-06-25,Beras IR 42/Pera,Rata-rata DKI Jakarta,16350
2026-06-25,Beras Setra I/Premium,Rata-rata DKI Jakarta,16980
2026-06-25,Minyak Goreng (Kuning/Curah),Rata-rata DKI Jakarta,21553
2026-06-25,Cabe Merah Keriting,Rata-rata DKI Jakarta,51857
2026-06-25,Cabe Merah Besar (TW),Rata-rata DKI Jakarta,61450
2026-06-25,Cabe Rawit Merah,Rata-rata DKI Jakarta,67731
2026-06-25,Cabe Rawit Hijau,Rata-rata DKI Jakarta,55938
2026-06-25,Bawang Merah,Rata-rata DKI Jakarta,53967
2026-06-25,Bawang Putih,Rata-rata DKI Jakarta,44031
2026-06-25,Daging Sapi Has (Paha Belakang),Rata-rata DKI Jakarta,152321
2026-06-25,Daging Sapi Murni (Semur),Rata-rata DKI Jakarta,148190
2026-06-25,Ayam Broiler/Ras,Rata-rata DKI Jakarta,41132
2026-06-25,Telur Ayam Ras,Rata-rata DKI Jakarta,27616
2026-06-25,Gula Pasir,Rata-rata DKI Jakarta,18579
2026-06-25,Tepung Terigu,Rata-rata DKI Jakarta,11643
2026-06-25,Garam Dapur,Rata-rata DKI Jakarta,4533
2026-06-25,Kentang (sedang),Rata-rata DKI Jakarta,19369
2026-06-25,Tomat Buah,Rata-rata DKI Jakarta,19135
2026-06-25,Kelapa Kupas,Rata-rata DKI Jakarta,14553
2026-06-25,Semangka,Rata-rata DKI Jakarta,13908
2026-06-25,Jeruk Medan,Rata-rata DKI Jakarta,31817
2026-06-25,Daging Kambing,Rata-rata DKI Jakarta,152750
2026-06-25,Daging Babi Berlemak,Rata-rata DKI Jakarta,106167
2026-06-25,Ikan Bandeng (sedang),Rata-rata DKI Jakarta,43995
2026-06-25,Ikan Mas,Rata-rata DKI Jakarta,41733
2026-06-25,Ikan Lele,Rata-rata DKI Jakarta,30483
2026-06-25,Gas Elpiji 3kg,Rata-rata DKI Jakarta,20500
2026-06-25,Susu Bubuk Bendera 400gr,Rata-rata DKI Jakarta,45500
2026-06-25,Susu Bubuk Dancow 400gr,Rata-rata DKI Jakarta,51250
2026-06-25,Susu Kental Bendera 200gr,Rata-rata DKI Jakarta,13351
2026-06-25,Susu Kental Enak 200gr,Rata-rata DKI Jakarta,11967
2026-06-25,Margarin Blueband Cup,Rata-rata DKI Jakarta,18550
2026-06-25,Margarin Blueband Sachet,Rata-rata DKI Jakarta,10625
2026-06-25,Beras Medium,Rata-rata DKI Jakarta,14000
2026-06-25,Gula Pasir Kemasan Premium,Rata-rata DKI Jakarta,18875
2026-06-25,Minyak Goreng Kemasan Premium,Rata-rata DKI Jakarta,22875
2026-06-25,Minyak Goreng MINYAKITA,Rata-rata DKI Jakarta,17246
2026-06-25,Daging Sapi,Rata-rata DKI Jakarta,144583
2026-06-25,Cabe Rawit Ijo Besar,Rata-rata DKI Jakarta,43542
2026-06-25,Ikan Kembung,Rata-rata DKI Jakarta,47125
2026-06-25,Kacang Kedelai,Rata-rata DKI Jakarta,19417
2026-06-26,Beras IR. I (IR 64),Rata-rata DKI Jakarta,15412
2026-06-26,Beras IR. II (IR 64) Ramos,Rata-rata DKI Jakarta,14620
2026-06-26,Beras IR. III (IR 64),Rata-rata DKI Jakarta,14025
2026-06-26,Beras Muncul I,Rata-rata DKI Jakarta,15250
2026-06-26,Beras IR 42/Pera,Rata-rata DKI Jakarta,16345
2026-06-26,Beras Setra I/Premium,Rata-rata DKI Jakarta,16875
2026-06-26,Minyak Goreng (Kuning/Curah),Rata-rata DKI Jakarta,21773
2026-06-26,Cabe Merah Keriting,Rata-rata DKI Jakarta,48683
2026-06-26,Cabe Merah Besar (TW),Rata-rata DKI Jakarta,59250
2026-06-26,Cabe Rawit Merah,Rata-rata DKI Jakarta,65983
2026-06-26,Cabe Rawit Hijau,Rata-rata DKI Jakarta,54867
2026-06-26,Bawang Merah,Rata-rata DKI Jakarta,52867
2026-06-26,Bawang Putih,Rata-rata DKI Jakarta,43350
2026-06-26,Daging Sapi Has (Paha Belakang),Rata-rata DKI Jakarta,152000
2026-06-26,Daging Sapi Murni (Semur),Rata-rata DKI Jakarta,146667
2026-06-26,Ayam Broiler/Ras,Rata-rata DKI Jakarta,41233
2026-06-26,Telur Ayam Ras,Rata-rata DKI Jakarta,26513
2026-06-26,Gula Pasir,Rata-rata DKI Jakarta,18617
2026-06-26,Tepung Terigu,Rata-rata DKI Jakarta,11493
2026-06-26,Garam Dapur,Rata-rata DKI Jakarta,4392
2026-06-26,Kentang (sedang),Rata-rata DKI Jakarta,19480
2026-06-26,Tomat Buah,Rata-rata DKI Jakarta,18863
2026-06-26,Kelapa Kupas,Rata-rata DKI Jakarta,14650
2026-06-26,Semangka,Rata-rata DKI Jakarta,13708
2026-06-26,Jeruk Medan,Rata-rata DKI Jakarta,30800
2026-06-26,Daging Kambing,Rata-rata DKI Jakarta,152333
2026-06-26,Daging Babi Berlemak,Rata-rata DKI Jakarta,107500
2026-06-26,Ikan Bandeng (sedang),Rata-rata DKI Jakarta,42250
2026-06-26,Ikan Mas,Rata-rata DKI Jakarta,41987
2026-06-26,Ikan Lele,Rata-rata DKI Jakarta,30200
2026-06-26,Gas Elpiji 3kg,Rata-rata DKI Jakarta,20500
2026-06-26,Susu Bubuk Bendera 400gr,Rata-rata DKI Jakarta,45000
2026-06-26,Susu Bubuk Dancow 400gr,Rata-rata DKI Jakarta,46667
2026-06-26,Susu Kental Bendera 200gr,Rata-rata DKI Jakarta,13087
2026-06-26,Susu Kental Enak 200gr,Rata-rata DKI Jakarta,12000
2026-06-26,Margarin Blueband Cup,Rata-rata DKI Jakarta,18417
2026-06-26,Margarin Blueband Sachet,Rata-rata DKI Jakarta,10513
2026-06-26,Beras Medium,Rata-rata DKI Jakarta,14000
2026-06-26,Gula Pasir Kemasan Premium,Rata-rata DKI Jakarta,18938
2026-06-26,Minyak Goreng Kemasan Premium,Rata-rata DKI Jakarta,23333
2026-06-26,Minyak Goreng MINYAKITA,Rata-rata DKI Jakarta,17563
2026-06-26,Daging Sapi,Rata-rata DKI Jakarta,149167
2026-06-26,Cabe Rawit Ijo Besar,Rata-rata DKI Jakarta,40625
2026-06-26,Ikan Kembung,Rata-rata DKI Jakarta,47500
2026-06-26,Kacang Kedelai,Rata-rata DKI Jakarta,19333
2026-06-27,Beras IR. I (IR 64),Rata-rata DKI Jakarta,15550
2026-06-27,Beras IR. II (IR 64) Ramos,Rata-rata DKI Jakarta,14657
2026-06-27,Beras IR. III (IR 64),Rata-rata DKI Jakarta,13939
2026-06-27,Beras Muncul I,Rata-rata DKI Jakarta,13671
2026-06-27,Beras IR 42/Pera,Rata-rata DKI Jakarta,16552
2026-06-27,Beras Setra I/Premium,Rata-rata DKI Jakarta,16819
2026-06-27,Minyak Goreng (Kuning/Curah),Rata-rata DKI Jakarta,22113
2026-06-27,Cabe Merah Keriting,Rata-rata DKI Jakarta,47431
2026-06-27,Cabe Merah Besar (TW),Rata-rata DKI Jakarta,58633
2026-06-27,Cabe Rawit Merah,Rata-rata DKI Jakarta,64962
2026-06-27,Cabe Rawit Hijau,Rata-rata DKI Jakarta,55838
2026-06-27,Bawang Merah,Rata-rata DKI Jakarta,52357
2026-06-27,Bawang Putih,Rata-rata DKI Jakarta,43745
2026-06-27,Daging Sapi Has (Paha Belakang),Rata-rata DKI Jakarta,152429
2026-06-27,Daging Sapi Murni (Semur),Rata-rata DKI Jakarta,148191
2026-06-27,Ayam Broiler/Ras,Rata-rata DKI Jakarta,43019
2026-06-27,Telur Ayam Ras,Rata-rata DKI Jakarta,27260
2026-06-27,Gula Pasir,Rata-rata DKI Jakarta,18452
2026-06-27,Tepung Terigu,Rata-rata DKI Jakarta,11417
2026-06-27,Garam Dapur,Rata-rata DKI Jakarta,4292
2026-06-27,Kentang (sedang),Rata-rata DKI Jakarta,18897
2026-06-27,Tomat Buah,Rata-rata DKI Jakarta,18886
2026-06-27,Kelapa Kupas,Rata-rata DKI Jakarta,14483
2026-06-27,Semangka,Rata-rata DKI Jakarta,13683
2026-06-27,Jeruk Medan,Rata-rata DKI Jakarta,30653
2026-06-27,Daging Kambing,Rata-rata DKI Jakarta,151750
2026-06-27,Daging Babi Berlemak,Rata-rata DKI Jakarta,103111
2026-06-27,Ikan Bandeng (sedang),Rata-rata DKI Jakarta,43129
2026-06-27,Ikan Mas,Rata-rata DKI Jakarta,42483
2026-06-27,Ikan Lele,Rata-rata DKI Jakarta,30533
2026-06-27,Gas Elpiji 3kg,Rata-rata DKI Jakarta,20533
2026-06-27,Susu Bubuk Bendera 400gr,Rata-rata DKI Jakarta,45000
2026-06-27,Susu Bubuk Dancow 400gr,Rata-rata DKI Jakarta,46667
2026-06-27,Susu Kental Bendera 200gr,Rata-rata DKI Jakarta,13139
2026-06-27,Susu Kental Enak 200gr,Rata-rata DKI Jakarta,11933
2026-06-27,Margarin Blueband Cup,Rata-rata DKI Jakarta,18100
2026-06-27,Margarin Blueband Sachet,Rata-rata DKI Jakarta,10479
2026-06-27,Beras Medium,Rata-rata DKI Jakarta,14000
2026-06-27,Gula Pasir Kemasan Premium,Rata-rata DKI Jakarta,18771
2026-06-27,Minyak Goreng Kemasan Premium,Rata-rata DKI Jakarta,22833
2026-06-27,Minyak Goreng MINYAKITA,Rata-rata DKI Jakarta,17604
2026-06-27,Daging Sapi,Rata-rata DKI Jakarta,148750
2026-06-27,Cabe Rawit Ijo Besar,Rata-rata DKI Jakarta,39792
2026-06-27,Ikan Kembung,Rata-rata DKI Jakarta,46250
2026-06-27,Kacang Kedelai,Rata-rata DKI Jakarta,17917
2026-06-29,Beras IR. I (IR 64),Rata-rata DKI Jakarta,15679
2026-06-29,Beras IR. II (IR 64) Ramos,Rata-rata DKI Jakarta,14727
2026-06-29,Beras IR. III (IR 64),Rata-rata DKI Jakarta,13931
2026-06-29,Beras Muncul I,Rata-rata DKI Jakarta,14860
2026-06-29,Beras IR 42/Pera,Rata-rata DKI Jakarta,16301
2026-06-29,Beras Setra I/Premium,Rata-rata DKI Jakarta,16804
2026-06-29,Minyak Goreng (Kuning/Curah),Rata-rata DKI Jakarta,21737
2026-06-29,Cabe Merah Keriting,Rata-rata DKI Jakarta,49897
2026-06-29,Cabe Merah Besar (TW),Rata-rata DKI Jakarta,60300
2026-06-29,Cabe Rawit Merah,Rata-rata DKI Jakarta,65208
2026-06-29,Cabe Rawit Hijau,Rata-rata DKI Jakarta,56785
2026-06-29,Bawang Merah,Rata-rata DKI Jakarta,52079
2026-06-29,Bawang Putih,Rata-rata DKI Jakarta,44085
2026-06-29,Daging Sapi Has (Paha Belakang),Rata-rata DKI Jakarta,153012
2026-06-29,Daging Sapi Murni (Semur),Rata-rata DKI Jakarta,148024
2026-06-29,Ayam Broiler/Ras,Rata-rata DKI Jakarta,41552
2026-06-29,Telur Ayam Ras,Rata-rata DKI Jakarta,26925
2026-06-29,Gula Pasir,Rata-rata DKI Jakarta,18632
2026-06-29,Tepung Terigu,Rata-rata DKI Jakarta,11413
2026-06-29,Garam Dapur,Rata-rata DKI Jakarta,4488
2026-06-29,Kentang (sedang),Rata-rata DKI Jakarta,19356
2026-06-29,Tomat Buah,Rata-rata DKI Jakarta,18497
2026-06-29,Kelapa Kupas,Rata-rata DKI Jakarta,14583
2026-06-29,Semangka,Rata-rata DKI Jakarta,13603
2026-06-29,Jeruk Medan,Rata-rata DKI Jakarta,31800
2026-06-29,Daging Kambing,Rata-rata DKI Jakarta,153333
2026-06-29,Daging Babi Berlemak,Rata-rata DKI Jakarta,106167
2026-06-29,Ikan Bandeng (sedang),Rata-rata DKI Jakarta,43845
2026-06-29,Ikan Mas,Rata-rata DKI Jakarta,42123
2026-06-29,Ikan Lele,Rata-rata DKI Jakarta,30447
2026-06-29,Gas Elpiji 3kg,Rata-rata DKI Jakarta,20533
2026-06-29,Susu Bubuk Bendera 400gr,Rata-rata DKI Jakarta,45000
2026-06-29,Susu Bubuk Dancow 400gr,Rata-rata DKI Jakarta,51250
2026-06-29,Susu Kental Bendera 200gr,Rata-rata DKI Jakarta,13321
2026-06-29,Susu Kental Enak 200gr,Rata-rata DKI Jakarta,12100
2026-06-29,Margarin Blueband Cup,Rata-rata DKI Jakarta,17947
2026-06-29,Margarin Blueband Sachet,Rata-rata DKI Jakarta,10612
2026-06-29,Beras Medium,Rata-rata DKI Jakarta,14000
2026-06-29,Gula Pasir Kemasan Premium,Rata-rata DKI Jakarta,18938
2026-06-29,Minyak Goreng Kemasan Premium,Rata-rata DKI Jakarta,22625
2026-06-29,Minyak Goreng MINYAKITA,Rata-rata DKI Jakarta,17604
2026-06-29,Daging Sapi,Rata-rata DKI Jakarta,148750
2026-06-29,Cabe Rawit Ijo Besar,Rata-rata DKI Jakarta,40417
2026-06-29,Ikan Kembung,Rata-rata DKI Jakarta,47500
2026-06-29,Kacang Kedelai,Rata-rata DKI Jakarta,18889
2026-06-30,Beras IR. I (IR 64),Rata-rata DKI Jakarta,15595
2026-06-30,Beras IR. II (IR 64) Ramos,Rata-rata DKI Jakarta,14825
2026-06-30,Beras IR. III (IR 64),Rata-rata DKI Jakarta,13882
2026-06-30,Beras Muncul I,Rata-rata DKI Jakarta,16389
2026-06-30,Beras IR 42/Pera,Rata-rata DKI Jakarta,16233
2026-06-30,Beras Setra I/Premium,Rata-rata DKI Jakarta,16377
2026-06-30,Minyak Goreng (Kuning/Curah),Rata-rata DKI Jakarta,21686
2026-06-30,Cabe Merah Keriting,Rata-rata DKI Jakarta,49014
2026-06-30,Cabe Merah Besar (TW),Rata-rata DKI Jakarta,56700
2026-06-30,Cabe Rawit Merah,Rata-rata DKI Jakarta,62936
2026-06-30,Cabe Rawit Hijau,Rata-rata DKI Jakarta,54364
2026-06-30,Bawang Merah,Rata-rata DKI Jakarta,52000
2026-06-30,Bawang Putih,Rata-rata DKI Jakarta,43228
2026-06-30,Daging Sapi Has (Paha Belakang),Rata-rata DKI Jakarta,136943
2026-06-30,Daging Sapi Murni (Semur),Rata-rata DKI Jakarta,148024
2026-06-30,Ayam Broiler/Ras,Rata-rata DKI Jakarta,41657
2026-06-30,Telur Ayam Ras,Rata-rata DKI Jakarta,26279
2026-06-30,Gula Pasir,Rata-rata DKI Jakarta,18516
2026-06-30,Tepung Terigu,Rata-rata DKI Jakarta,11570
2026-06-30,Garam Dapur,Rata-rata DKI Jakarta,4862
2026-06-30,Kentang (sedang),Rata-rata DKI Jakarta,19340
2026-06-30,Tomat Buah,Rata-rata DKI Jakarta,18871
2026-06-30,Kelapa Kupas,Rata-rata DKI Jakarta,14953
2026-06-30,Semangka,Rata-rata DKI Jakarta,13842
2026-06-30,Jeruk Medan,Rata-rata DKI Jakarta,31483
2026-06-30,Daging Kambing,Rata-rata DKI Jakarta,153400
2026-06-30,Daging Babi Berlemak,Rata-rata DKI Jakarta,106167
2026-06-30,Ikan Bandeng (sedang),Rata-rata DKI Jakarta,44262
2026-06-30,Ikan Mas,Rata-rata DKI Jakarta,41900
2026-06-30,Ikan Lele,Rata-rata DKI Jakarta,30917
2026-06-30,Gas Elpiji 3kg,Rata-rata DKI Jakarta,40300
2026-06-30,Susu Bubuk Bendera 400gr,Rata-rata DKI Jakarta,45000
2026-06-30,Susu Bubuk Dancow 400gr,Rata-rata DKI Jakarta,52250
2026-06-30,Susu Kental Bendera 200gr,Rata-rata DKI Jakarta,13314
2026-06-30,Susu Kental Enak 200gr,Rata-rata DKI Jakarta,12033
2026-06-30,Margarin Blueband Cup,Rata-rata DKI Jakarta,18407
2026-06-30,Margarin Blueband Sachet,Rata-rata DKI Jakarta,10300
2026-06-30,Beras Medium,Rata-rata DKI Jakarta,13500
2026-06-30,Gula Pasir Kemasan Premium,Rata-rata DKI Jakarta,18729
2026-06-30,Minyak Goreng Kemasan Premium,Rata-rata DKI Jakarta,23521
2026-06-30,Minyak Goreng MINYAKITA,Rata-rata DKI Jakarta,17038
2026-06-30,Daging Sapi,Rata-rata DKI Jakarta,149583
2026-06-30,Cabe Rawit Ijo Besar,Rata-rata DKI Jakarta,42292
2026-06-30,Ikan Kembung,Rata-rata DKI Jakarta,45417
2026-06-30,Kacang Kedelai,Rata-rata DKI Jakarta,17917
2026-07-01,Beras IR. I (IR 64),Rata-rata DKI Jakarta,15499
2026-07-01,Beras IR. II (IR 64) Ramos,Rata-rata DKI Jakarta,14807
2026-07-01,Beras IR. III (IR 64),Rata-rata DKI Jakarta,13870
2026-07-01,Beras Muncul I,Rata-rata DKI Jakarta,15407
2026-07-01,Beras IR 42/Pera,Rata-rata DKI Jakarta,16611
2026-07-01,Beras Setra I/Premium,Rata-rata DKI Jakarta,16954
2026-07-01,Minyak Goreng (Kuning/Curah),Rata-rata DKI Jakarta,22047
2026-07-01,Cabe Merah Keriting,Rata-rata DKI Jakarta,48640
2026-07-01,Cabe Merah Besar (TW),Rata-rata DKI Jakarta,55383
2026-07-01,Cabe Rawit Merah,Rata-rata DKI Jakarta,62050
2026-07-01,Cabe Rawit Hijau,Rata-rata DKI Jakarta,56090
2026-07-01,Bawang Merah,Rata-rata DKI Jakarta,50983
2026-07-01,Bawang Putih,Rata-rata DKI Jakarta,44527
2026-07-01,Daging Sapi Has (Paha Belakang),Rata-rata DKI Jakarta,149750
2026-07-01,Daging Sapi Murni (Semur),Rata-rata DKI Jakarta,147667
2026-07-01,Ayam Broiler/Ras,Rata-rata DKI Jakarta,43137
2026-07-01,Telur Ayam Ras,Rata-rata DKI Jakarta,26093
2026-07-01,Gula Pasir,Rata-rata DKI Jakarta,18547
2026-07-01,Tepung Terigu,Rata-rata DKI Jakarta,11593
2026-07-01,Garam Dapur,Rata-rata DKI Jakarta,4538
2026-07-01,Kentang (sedang),Rata-rata DKI Jakarta,19557
2026-07-01,Tomat Buah,Rata-rata DKI Jakarta,18677
2026-07-01,Kelapa Kupas,Rata-rata DKI Jakarta,14500
2026-07-01,Semangka,Rata-rata DKI Jakarta,13553
2026-07-01,Jeruk Medan,Rata-rata DKI Jakarta,31817
2026-07-01,Daging Kambing,Rata-rata DKI Jakarta,152000
2026-07-01,Daging Babi Berlemak,Rata-rata DKI Jakarta,109167
2026-07-01,Ikan Bandeng (sedang),Rata-rata DKI Jakarta,43400
2026-07-01,Ikan Mas,Rata-rata DKI Jakarta,42457
2026-07-01,Ikan Lele,Rata-rata DKI Jakarta,30560
2026-07-01,Gas Elpiji 3kg,Rata-rata DKI Jakarta,20533
2026-07-01,Susu Bubuk Bendera 400gr,Rata-rata DKI Jakarta,45000
2026-07-01,Susu Bubuk Dancow 400gr,Rata-rata DKI Jakarta,52250
2026-07-01,Susu Kental Bendera 200gr,Rata-rata DKI Jakarta,13300
2026-07-01,Susu Kental Enak 200gr,Rata-rata DKI Jakarta,12093
2026-07-01,Margarin Blueband Cup,Rata-rata DKI Jakarta,18080
2026-07-01,Margarin Blueband Sachet,Rata-rata DKI Jakarta,10620
2026-07-01,Beras Medium,Rata-rata DKI Jakarta,13000
2026-07-01,Gula Pasir Kemasan Premium,Rata-rata DKI Jakarta,18729
2026-07-01,Minyak Goreng Kemasan Premium,Rata-rata DKI Jakarta,23292
2026-07-01,Minyak Goreng MINYAKITA,Rata-rata DKI Jakarta,17521
2026-07-01,Daging Sapi,Rata-rata DKI Jakarta,150000
2026-07-01,Cabe Rawit Ijo Besar,Rata-rata DKI Jakarta,41875
2026-07-01,Ikan Kembung,Rata-rata DKI Jakarta,45000
2026-07-01,Kacang Kedelai,Rata-rata DKI Jakarta,18250
2026-07-03,Beras IR. I (IR 64),Rata-rata DKI Jakarta,15612
2026-07-03,Beras IR. II (IR 64) Ramos,Rata-rata DKI Jakarta,14750
2026-07-03,Beras IR. III (IR 64),Rata-rata DKI Jakarta,13733
2026-07-03,Beras Muncul I,Rata-rata DKI Jakarta,15500
2026-07-03,Beras IR 42/Pera,Rata-rata DKI Jakarta,16500
2026-07-03,Beras Setra I/Premium,Rata-rata DKI Jakarta,16675
2026-07-03,Minyak Goreng (Kuning/Curah),Rata-rata DKI Jakarta,21857
2026-07-03,Cabe Merah Keriting,Rata-rata DKI Jakarta,47183
2026-07-03,Cabe Merah Besar (TW),Rata-rata DKI Jakarta,53583
2026-07-03,Cabe Rawit Merah,Rata-rata DKI Jakarta,59091
2026-07-03,Cabe Rawit Hijau,Rata-rata DKI Jakarta,53650
2026-07-03,Bawang Merah,Rata-rata DKI Jakarta,51022
2026-07-03,Bawang Putih,Rata-rata DKI Jakarta,43813
2026-07-03,Daging Sapi Has (Paha Belakang),Rata-rata DKI Jakarta,142929
2026-07-03,Daging Sapi Murni (Semur),Rata-rata DKI Jakarta,148190
2026-07-03,Ayam Broiler/Ras,Rata-rata DKI Jakarta,42843
2026-07-03,Telur Ayam Ras,Rata-rata DKI Jakarta,25564
2026-07-03,Gula Pasir,Rata-rata DKI Jakarta,18646
2026-07-03,Tepung Terigu,Rata-rata DKI Jakarta,11343
2026-07-03,Garam Dapur,Rata-rata DKI Jakarta,4490
2026-07-03,Kentang (sedang),Rata-rata DKI Jakarta,18797
2026-07-03,Tomat Buah,Rata-rata DKI Jakarta,18574
2026-07-03,Kelapa Kupas,Rata-rata DKI Jakarta,14633
2026-07-03,Semangka,Rata-rata DKI Jakarta,13408
2026-07-03,Jeruk Medan,Rata-rata DKI Jakarta,32650
2026-07-03,Daging Kambing,Rata-rata DKI Jakarta,152333
2026-07-03,Daging Babi Berlemak,Rata-rata DKI Jakarta,106167
2026-07-03,Ikan Bandeng (sedang),Rata-rata DKI Jakarta,43345
2026-07-03,Ikan Mas,Rata-rata DKI Jakarta,42600
2026-07-03,Ikan Lele,Rata-rata DKI Jakarta,30383
2026-07-03,Gas Elpiji 3kg,Rata-rata DKI Jakarta,20500
2026-07-03,Susu Bubuk Bendera 400gr,Rata-rata DKI Jakarta,45000
2026-07-03,Susu Bubuk Dancow 400gr,Rata-rata DKI Jakarta,52250
2026-07-03,Susu Kental Bendera 200gr,Rata-rata DKI Jakarta,13256
2026-07-03,Susu Kental Enak 200gr,Rata-rata DKI Jakarta,12017
2026-07-03,Margarin Blueband Cup,Rata-rata DKI Jakarta,18117
2026-07-03,Margarin Blueband Sachet,Rata-rata DKI Jakarta,10557
2026-07-03,Beras Medium,Rata-rata DKI Jakarta,13000
2026-07-03,Gula Pasir Kemasan Premium,Rata-rata DKI Jakarta,18854
2026-07-03,Minyak Goreng Kemasan Premium,Rata-rata DKI Jakarta,23000
2026-07-03,Minyak Goreng MINYAKITA,Rata-rata DKI Jakarta,17038
2026-07-03,Daging Sapi,Rata-rata DKI Jakarta,148750
2026-07-03,Cabe Rawit Ijo Besar,Rata-rata DKI Jakarta,38750
2026-07-03,Ikan Kembung,Rata-rata DKI Jakarta,41500
2026-07-03,Kacang Kedelai,Rata-rata DKI Jakarta,18556
2026-07-04,Beras IR. I (IR 64),Rata-rata DKI Jakarta,15618
2026-07-04,Beras IR. II (IR 64) Ramos,Rata-rata DKI Jakarta,14740
2026-07-04,Beras IR. III (IR 64),Rata-rata DKI Jakarta,13947
2026-07-04,Beras Muncul I,Rata-rata DKI Jakarta,15500
2026-07-04,Beras IR 42/Pera,Rata-rata DKI Jakarta,16557
2026-07-04,Beras Setra I/Premium,Rata-rata DKI Jakarta,16302
2026-07-04,Minyak Goreng (Kuning/Curah),Rata-rata DKI Jakarta,21903
2026-07-04,Cabe Merah Keriting,Rata-rata DKI Jakarta,48336
2026-07-04,Cabe Merah Besar (TW),Rata-rata DKI Jakarta,55417
2026-07-04,Cabe Rawit Merah,Rata-rata DKI Jakarta,61017
2026-07-04,Cabe Rawit Hijau,Rata-rata DKI Jakarta,53764
2026-07-04,Bawang Merah,Rata-rata DKI Jakarta,50786
2026-07-04,Bawang Putih,Rata-rata DKI Jakarta,43526
2026-07-04,Daging Sapi Has (Paha Belakang),Rata-rata DKI Jakarta,142229
2026-07-04,Daging Sapi Murni (Semur),Rata-rata DKI Jakarta,148024
2026-07-04,Ayam Broiler/Ras,Rata-rata DKI Jakarta,42293
2026-07-04,Telur Ayam Ras,Rata-rata DKI Jakarta,25862
2026-07-04,Gula Pasir,Rata-rata DKI Jakarta,18602
2026-07-04,Tepung Terigu,Rata-rata DKI Jakarta,11550
2026-07-04,Garam Dapur,Rata-rata DKI Jakarta,4825
2026-07-04,Kentang (sedang),Rata-rata DKI Jakarta,18983
2026-07-04,Tomat Buah,Rata-rata DKI Jakarta,18714
2026-07-04,Kelapa Kupas,Rata-rata DKI Jakarta,14817
2026-07-04,Semangka,Rata-rata DKI Jakarta,13783
2026-07-04,Jeruk Medan,Rata-rata DKI Jakarta,31237
2026-07-04,Daging Kambing,Rata-rata DKI Jakarta,153750
2026-07-04,Daging Babi Berlemak,Rata-rata DKI Jakarta,106167
2026-07-04,Ikan Bandeng (sedang),Rata-rata DKI Jakarta,43495
2026-07-04,Ikan Mas,Rata-rata DKI Jakarta,42050
2026-07-04,Ikan Lele,Rata-rata DKI Jakarta,30483
2026-07-04,Gas Elpiji 3kg,Rata-rata DKI Jakarta,20500
2026-07-04,Susu Bubuk Bendera 400gr,Rata-rata DKI Jakarta,45000
2026-07-04,Susu Bubuk Dancow 400gr,Rata-rata DKI Jakarta,51250
2026-07-04,Susu Kental Bendera 200gr,Rata-rata DKI Jakarta,13323
2026-07-04,Susu Kental Enak 200gr,Rata-rata DKI Jakarta,12067
2026-07-04,Margarin Blueband Cup,Rata-rata DKI Jakarta,18467
2026-07-04,Margarin Blueband Sachet,Rata-rata DKI Jakarta,10583
2026-07-04,Beras Medium,Rata-rata DKI Jakarta,14000
2026-07-04,Gula Pasir Kemasan Premium,Rata-rata DKI Jakarta,18854
2026-07-04,Minyak Goreng Kemasan Premium,Rata-rata DKI Jakarta,22833
2026-07-04,Minyak Goreng MINYAKITA,Rata-rata DKI Jakarta,17342
2026-07-04,Daging Sapi,Rata-rata DKI Jakarta,149063
2026-07-04,Cabe Rawit Ijo Besar,Rata-rata DKI Jakarta,39375
2026-07-04,Ikan Kembung,Rata-rata DKI Jakarta,46250
2026-07-04,Kacang Kedelai,Rata-rata DKI Jakarta,17667
2026-07-05,Beras IR. I (IR 64),Rata-rata DKI Jakarta,15535
2026-07-05,Beras IR. II (IR 64) Ramos,Rata-rata DKI Jakarta,14765
2026-07-05,Beras IR. III (IR 64),Rata-rata DKI Jakarta,14007
2026-07-05,Beras Muncul I,Rata-rata DKI Jakarta,16000
2026-07-05,Beras IR 42/Pera,Rata-rata DKI Jakarta,16617
2026-07-05,Beras Setra I/Premium,Rata-rata DKI Jakarta,17267
2026-07-05,Minyak Goreng (Kuning/Curah),Rata-rata DKI Jakarta,21887
2026-07-05,Cabe Merah Keriting,Rata-rata DKI Jakarta,48286
2026-07-05,Cabe Merah Besar (TW),Rata-rata DKI Jakarta,55167
2026-07-05,Cabe Rawit Merah,Rata-rata DKI Jakarta,60536
2026-07-05,Cabe Rawit Hijau,Rata-rata DKI Jakarta,52583
2026-07-05,Bawang Merah,Rata-rata DKI Jakarta,51150
2026-07-05,Bawang Putih,Rata-rata DKI Jakarta,43643
2026-07-05,Daging Sapi Has (Paha Belakang),Rata-rata DKI Jakarta,149729
2026-07-05,Daging Sapi Murni (Semur),Rata-rata DKI Jakarta,148524
2026-07-05,Ayam Broiler/Ras,Rata-rata DKI Jakarta,41659
2026-07-05,Telur Ayam Ras,Rata-rata DKI Jakarta,25495
2026-07-05,Gula Pasir,Rata-rata DKI Jakarta,18519
2026-07-05,Tepung Terigu,Rata-rata DKI Jakarta,11583
2026-07-05,Garam Dapur,Rata-rata DKI Jakarta,4458
2026-07-05,Kentang (sedang),Rata-rata DKI Jakarta,19050
2026-07-05,Tomat Buah,Rata-rata DKI Jakarta,19117
2026-07-05,Kelapa Kupas,Rata-rata DKI Jakarta,14617
2026-07-05,Semangka,Rata-rata DKI Jakarta,14033
2026-07-05,Jeruk Medan,Rata-rata DKI Jakarta,33067
2026-07-05,Daging Kambing,Rata-rata DKI Jakarta,152750
2026-07-05,Daging Babi Berlemak,Rata-rata DKI Jakarta,107083
2026-07-05,Ikan Bandeng (sedang),Rata-rata DKI Jakarta,43233
2026-07-05,Ikan Mas,Rata-rata DKI Jakarta,41850
2026-07-05,Ikan Lele,Rata-rata DKI Jakarta,29733
2026-07-05,Gas Elpiji 3kg,Rata-rata DKI Jakarta,20600
2026-07-05,Susu Bubuk Bendera 400gr,Rata-rata DKI Jakarta,45000
2026-07-05,Susu Bubuk Dancow 400gr,Rata-rata DKI Jakarta,51250
2026-07-05,Susu Kental Bendera 200gr,Rata-rata DKI Jakarta,13281
2026-07-05,Susu Kental Enak 200gr,Rata-rata DKI Jakarta,11967
2026-07-05,Margarin Blueband Cup,Rata-rata DKI Jakarta,18500
2026-07-05,Margarin Blueband Sachet,Rata-rata DKI Jakarta,10617
2026-07-05,Beras Medium,Rata-rata DKI Jakarta,14000
2026-07-05,Gula Pasir Kemasan Premium,Rata-rata DKI Jakarta,18889
2026-07-05,Minyak Goreng Kemasan Premium,Rata-rata DKI Jakarta,22944
2026-07-05,Minyak Goreng MINYAKITA,Rata-rata DKI Jakarta,17506
2026-07-05,Daging Sapi,Rata-rata DKI Jakarta,149167
2026-07-05,Cabe Rawit Ijo Besar,Rata-rata DKI Jakarta,42778
2026-07-05,Ikan Kembung,Rata-rata DKI Jakarta,48333
2026-07-05,Kacang Kedelai,Rata-rata DKI Jakarta,18556
2026-07-06,Beras IR. I (IR 64),Rata-rata DKI Jakarta,15704
2026-07-06,Beras IR. II (IR 64) Ramos,Rata-rata DKI Jakarta,14694
2026-07-06,Beras IR. III (IR 64),Rata-rata DKI Jakarta,13874
2026-07-06,Beras Muncul I,Rata-rata DKI Jakarta,15664
2026-07-06,Beras IR 42/Pera,Rata-rata DKI Jakarta,16488
2026-07-06,Beras Setra I/Premium,Rata-rata DKI Jakarta,15982
2026-07-06,Minyak Goreng (Kuning/Curah),Rata-rata DKI Jakarta,21887
2026-07-06,Cabe Merah Keriting,Rata-rata DKI Jakarta,45473
2026-07-06,Cabe Merah Besar (TW),Rata-rata DKI Jakarta,49050
2026-07-06,Cabe Rawit Merah,Rata-rata DKI Jakarta,58769
2026-07-06,Cabe Rawit Hijau,Rata-rata DKI Jakarta,52340
2026-07-06,Bawang Merah,Rata-rata DKI Jakarta,49067
2026-07-06,Bawang Putih,Rata-rata DKI Jakarta,43593
2026-07-06,Daging Sapi Has (Paha Belakang),Rata-rata DKI Jakarta,152083
2026-07-06,Daging Sapi Murni (Semur),Rata-rata DKI Jakarta,146667
2026-07-06,Ayam Broiler/Ras,Rata-rata DKI Jakarta,42940
2026-07-06,Telur Ayam Ras,Rata-rata DKI Jakarta,25687
2026-07-06,Gula Pasir,Rata-rata DKI Jakarta,18530
2026-07-06,Tepung Terigu,Rata-rata DKI Jakarta,11460
2026-07-06,Garam Dapur,Rata-rata DKI Jakarta,4597
2026-07-06,Kentang (sedang),Rata-rata DKI Jakarta,18467
2026-07-06,Tomat Buah,Rata-rata DKI Jakarta,18153
2026-07-06,Kelapa Kupas,Rata-rata DKI Jakarta,15000
2026-07-06,Semangka,Rata-rata DKI Jakarta,13793
2026-07-06,Jeruk Medan,Rata-rata DKI Jakarta,30920
2026-07-06,Daging Kambing,Rata-rata DKI Jakarta,153750
2026-07-06,Daging Babi Berlemak,Rata-rata DKI Jakarta,107500
2026-07-06,Ikan Bandeng (sedang),Rata-rata DKI Jakarta,44167
2026-07-06,Ikan Mas,Rata-rata DKI Jakarta,42290
2026-07-06,Ikan Lele,Rata-rata DKI Jakarta,30480
2026-07-06,Gas Elpiji 3kg,Rata-rata DKI Jakarta,20533
2026-07-06,Susu Bubuk Bendera 400gr,Rata-rata DKI Jakarta,45000
2026-07-06,Susu Bubuk Dancow 400gr,Rata-rata DKI Jakarta,48000
2026-07-06,Susu Kental Bendera 200gr,Rata-rata DKI Jakarta,12910
2026-07-06,Susu Kental Enak 200gr,Rata-rata DKI Jakarta,11993
2026-07-06,Margarin Blueband Cup,Rata-rata DKI Jakarta,17747
2026-07-06,Margarin Blueband Sachet,Rata-rata DKI Jakarta,9869
2026-07-06,Beras Medium,Rata-rata DKI Jakarta,13500
2026-07-06,Gula Pasir Kemasan Premium,Rata-rata DKI Jakarta,18813
2026-07-06,Minyak Goreng Kemasan Premium,Rata-rata DKI Jakarta,23750
2026-07-06,Minyak Goreng MINYAKITA,Rata-rata DKI Jakarta,17521
2026-07-06,Daging Sapi,Rata-rata DKI Jakarta,148750
2026-07-06,Cabe Rawit Ijo Besar,Rata-rata DKI Jakarta,37292
2026-07-06,Ikan Kembung,Rata-rata DKI Jakarta,46250
2026-07-06,Kacang Kedelai,Rata-rata DKI Jakarta,18250
2026-07-08,Beras IR. I (IR 64),Rata-rata DKI Jakarta,15585
2026-07-08,Beras IR. II (IR 64) Ramos,Rata-rata DKI Jakarta,14872
2026-07-08,Beras IR. III (IR 64),Rata-rata DKI Jakarta,14057
2026-07-08,Beras Muncul I,Rata-rata DKI Jakarta,15525
2026-07-08,Beras IR 42/Pera,Rata-rata DKI Jakarta,16375
2026-07-08,Beras Setra I/Premium,Rata-rata DKI Jakarta,16952
2026-07-08,Minyak Goreng (Kuning/Curah),Rata-rata DKI Jakarta,21373
2026-07-08,Cabe Merah Keriting,Rata-rata DKI Jakarta,48007
2026-07-08,Cabe Merah Besar (TW),Rata-rata DKI Jakarta,51550
2026-07-08,Cabe Rawit Merah,Rata-rata DKI Jakarta,60673
2026-07-08,Cabe Rawit Hijau,Rata-rata DKI Jakarta,54713
2026-07-08,Bawang Merah,Rata-rata DKI Jakarta,49787
2026-07-08,Bawang Putih,Rata-rata DKI Jakarta,44727
2026-07-08,Daging Sapi Has (Paha Belakang),Rata-rata DKI Jakarta,152250
2026-07-08,Daging Sapi Murni (Semur),Rata-rata DKI Jakarta,148000
2026-07-08,Ayam Broiler/Ras,Rata-rata DKI Jakarta,41887
2026-07-08,Telur Ayam Ras,Rata-rata DKI Jakarta,25733
2026-07-08,Gula Pasir,Rata-rata DKI Jakarta,18567
2026-07-08,Tepung Terigu,Rata-rata DKI Jakarta,11467
2026-07-08,Garam Dapur,Rata-rata DKI Jakarta,4793
2026-07-08,Kentang (sedang),Rata-rata DKI Jakarta,19087
2026-07-08,Tomat Buah,Rata-rata DKI Jakarta,18760
2026-07-08,Kelapa Kupas,Rata-rata DKI Jakarta,14600
2026-07-08,Semangka,Rata-rata DKI Jakarta,13473
2026-07-08,Jeruk Medan,Rata-rata DKI Jakarta,31567
2026-07-08,Daging Kambing,Rata-rata DKI Jakarta,151500
2026-07-08,Daging Babi Berlemak,Rata-rata DKI Jakarta,106167
2026-07-08,Ikan Bandeng (sedang),Rata-rata DKI Jakarta,44067
2026-07-08,Ikan Mas,Rata-rata DKI Jakarta,42223
2026-07-08,Ikan Lele,Rata-rata DKI Jakarta,30613
2026-07-08,Gas Elpiji 3kg,Rata-rata DKI Jakarta,20533
2026-07-08,Susu Bubuk Bendera 400gr,Rata-rata DKI Jakarta,45000
2026-07-08,Susu Bubuk Dancow 400gr,Rata-rata DKI Jakarta,52250
2026-07-08,Susu Kental Bendera 200gr,Rata-rata DKI Jakarta,13242
2026-07-08,Susu Kental Enak 200gr,Rata-rata DKI Jakarta,11993
2026-07-08,Margarin Blueband Cup,Rata-rata DKI Jakarta,18040
2026-07-08,Margarin Blueband Sachet,Rata-rata DKI Jakarta,10630
2026-07-08,Beras Medium,Rata-rata DKI Jakarta,13000
2026-07-08,Gula Pasir Kemasan Premium,Rata-rata DKI Jakarta,18854
2026-07-08,Minyak Goreng Kemasan Premium,Rata-rata DKI Jakarta,23000
2026-07-08,Minyak Goreng MINYAKITA,Rata-rata DKI Jakarta,17300
2026-07-08,Daging Sapi,Rata-rata DKI Jakarta,150000
2026-07-08,Cabe Rawit Ijo Besar,Rata-rata DKI Jakarta,42083
2026-07-08,Ikan Kembung,Rata-rata DKI Jakarta,47500
2026-07-08,Kacang Kedelai,Rata-rata DKI Jakarta,18889
2026-07-09,Beras IR. I (IR 64),Rata-rata DKI Jakarta,15587
2026-07-09,Beras IR. II (IR 64) Ramos,Rata-rata DKI Jakarta,14747
2026-07-09,Beras IR. III (IR 64),Rata-rata DKI Jakarta,14152
2026-07-09,Beras Muncul I,Rata-rata DKI Jakarta,15775
2026-07-09,Beras IR 42/Pera,Rata-rata DKI Jakarta,16408
2026-07-09,Beras Setra I/Premium,Rata-rata DKI Jakarta,17072
2026-07-09,Minyak Goreng (Kuning/Curah),Rata-rata DKI Jakarta,21547
2026-07-09,Cabe Merah Keriting,Rata-rata DKI Jakarta,45507
2026-07-09,Cabe Merah Besar (TW),Rata-rata DKI Jakarta,49850
2026-07-09,Cabe Rawit Merah,Rata-rata DKI Jakarta,59473
2026-07-09,Cabe Rawit Hijau,Rata-rata DKI Jakarta,52571
2026-07-09,Bawang Merah,Rata-rata DKI Jakarta,48701
2026-07-09,Bawang Putih,Rata-rata DKI Jakarta,44562
2026-07-09,Daging Sapi Has (Paha Belakang),Rata-rata DKI Jakarta,152012
2026-07-09,Daging Sapi Murni (Semur),Rata-rata DKI Jakarta,147257
2026-07-09,Ayam Broiler/Ras,Rata-rata DKI Jakarta,41986
2026-07-09,Telur Ayam Ras,Rata-rata DKI Jakarta,25852
2026-07-09,Gula Pasir,Rata-rata DKI Jakarta,18482
2026-07-09,Tepung Terigu,Rata-rata DKI Jakarta,11290
2026-07-09,Garam Dapur,Rata-rata DKI Jakarta,4492
2026-07-09,Kentang (sedang),Rata-rata DKI Jakarta,18980
2026-07-09,Tomat Buah,Rata-rata DKI Jakarta,18441
2026-07-09,Kelapa Kupas,Rata-rata DKI Jakarta,14557
2026-07-09,Semangka,Rata-rata DKI Jakarta,14173
2026-07-09,Jeruk Medan,Rata-rata DKI Jakarta,30400
2026-07-09,Daging Kambing,Rata-rata DKI Jakarta,152750
2026-07-09,Daging Babi Berlemak,Rata-rata DKI Jakarta,104500
2026-07-09,Ikan Bandeng (sedang),Rata-rata DKI Jakarta,44162
2026-07-09,Ikan Mas,Rata-rata DKI Jakarta,42037
2026-07-09,Ikan Lele,Rata-rata DKI Jakarta,30333
2026-07-09,Gas Elpiji 3kg,Rata-rata DKI Jakarta,20533
2026-07-09,Susu Bubuk Bendera 400gr,Rata-rata DKI Jakarta,45000
2026-07-09,Susu Bubuk Dancow 400gr,Rata-rata DKI Jakarta,46667
2026-07-09,Susu Kental Bendera 200gr,Rata-rata DKI Jakarta,13094
2026-07-09,Susu Kental Enak 200gr,Rata-rata DKI Jakarta,12000
2026-07-09,Margarin Blueband Cup,Rata-rata DKI Jakarta,18190
2026-07-09,Margarin Blueband Sachet,Rata-rata DKI Jakarta,10367
2026-07-09,Beras Medium,Rata-rata DKI Jakarta,14000
2026-07-09,Gula Pasir Kemasan Premium,Rata-rata DKI Jakarta,18771
2026-07-09,Minyak Goreng Kemasan Premium,Rata-rata DKI Jakarta,23167
2026-07-09,Minyak Goreng MINYAKITA,Rata-rata DKI Jakarta,17604
2026-07-09,Daging Sapi,Rata-rata DKI Jakarta,149375
2026-07-09,Cabe Rawit Ijo Besar,Rata-rata DKI Jakarta,37917
2026-07-09,Ikan Kembung,Rata-rata DKI Jakarta,46250
2026-07-09,Kacang Kedelai,Rata-rata DKI Jakarta,16292
2026-07-11,Beras IR. I (IR 64),Rata-rata DKI Jakarta,15562
2026-07-11,Beras IR. II (IR 64) Ramos,Rata-rata DKI Jakarta,14628
2026-07-11,Beras IR. III (IR 64),Rata-rata DKI Jakarta,13992
2026-07-11,Beras Muncul I,Rata-rata DKI Jakarta,15500
2026-07-11,Beras IR 42/Pera,Rata-rata DKI Jakarta,16587
2026-07-11,Beras Setra I/Premium,Rata-rata DKI Jakarta,17301
2026-07-11,Minyak Goreng (Kuning/Curah),Rata-rata DKI Jakarta,21680
2026-07-11,Cabe Merah Keriting,Rata-rata DKI Jakarta,47805
2026-07-11,Cabe Merah Besar (TW),Rata-rata DKI Jakarta,52800
2026-07-11,Cabe Rawit Merah,Rata-rata DKI Jakarta,59662
2026-07-11,Cabe Rawit Hijau,Rata-rata DKI Jakarta,54283
2026-07-11,Bawang Merah,Rata-rata DKI Jakarta,50031
2026-07-11,Bawang Putih,Rata-rata DKI Jakarta,44724
2026-07-11,Daging Sapi Has (Paha Belakang),Rata-rata DKI Jakarta,152929
2026-07-11,Daging Sapi Murni (Semur),Rata-rata DKI Jakarta,148024
2026-07-11,Ayam Broiler/Ras,Rata-rata DKI Jakarta,42072
2026-07-11,Telur Ayam Ras,Rata-rata DKI Jakarta,25462
2026-07-11,Gula Pasir,Rata-rata DKI Jakarta,18586
2026-07-11,Tepung Terigu,Rata-rata DKI Jakarta,11590
2026-07-11,Garam Dapur,Rata-rata DKI Jakarta,4548
2026-07-11,Kentang (sedang),Rata-rata DKI Jakarta,19443
2026-07-11,Tomat Buah,Rata-rata DKI Jakarta,19135
2026-07-11,Kelapa Kupas,Rata-rata DKI Jakarta,14483
2026-07-11,Semangka,Rata-rata DKI Jakarta,13833
2026-07-11,Jeruk Medan,Rata-rata DKI Jakarta,32317
2026-07-11,Daging Kambing,Rata-rata DKI Jakarta,152333
2026-07-11,Daging Babi Berlemak,Rata-rata DKI Jakarta,107000
2026-07-11,Ikan Bandeng (sedang),Rata-rata DKI Jakarta,42929
2026-07-11,Ikan Mas,Rata-rata DKI Jakarta,42017
2026-07-11,Ikan Lele,Rata-rata DKI Jakarta,29933
2026-07-11,Gas Elpiji 3kg,Rata-rata DKI Jakarta,20600
2026-07-11,Susu Bubuk Bendera 400gr,Rata-rata DKI Jakarta,45000
2026-07-11,Susu Bubuk Dancow 400gr,Rata-rata DKI Jakarta,50000
2026-07-11,Susu Kental Bendera 200gr,Rata-rata DKI Jakarta,13288
2026-07-11,Susu Kental Enak 200gr,Rata-rata DKI Jakarta,11967
2026-07-11,Margarin Blueband Cup,Rata-rata DKI Jakarta,18417
2026-07-11,Margarin Blueband Sachet,Rata-rata DKI Jakarta,10633
2026-07-11,Beras Medium,Rata-rata DKI Jakarta,14000
2026-07-11,Gula Pasir Kemasan Premium,Rata-rata DKI Jakarta,19000
2026-07-11,Minyak Goreng Kemasan Premium,Rata-rata DKI Jakarta,23167
2026-07-11,Minyak Goreng MINYAKITA,Rata-rata DKI Jakarta,17506
2026-07-11,Daging Sapi,Rata-rata DKI Jakarta,150000
2026-07-11,Cabe Rawit Ijo Besar,Rata-rata DKI Jakarta,43333
2026-07-11,Ikan Kembung,Rata-rata DKI Jakarta,48333
2026-07-11,Kacang Kedelai,Rata-rata DKI Jakarta,20334
2026-07-13,Beras IR. I (IR 64),Rata-rata DKI Jakarta,15685
2026-07-13,Beras IR. II (IR 64) Ramos,Rata-rata DKI Jakarta,14639
2026-07-13,Beras IR. III (IR 64),Rata-rata DKI Jakarta,13932
2026-07-13,Beras Muncul I,Rata-rata DKI Jakarta,15650
2026-07-13,Beras IR 42/Pera,Rata-rata DKI Jakarta,16575
2026-07-13,Beras Setra I/Premium,Rata-rata DKI Jakarta,17452
2026-07-13,Minyak Goreng (Kuning/Curah),Rata-rata DKI Jakarta,21833
2026-07-13,Cabe Merah Keriting,Rata-rata DKI Jakarta,47133
2026-07-13,Cabe Merah Besar (TW),Rata-rata DKI Jakarta,52400
2026-07-13,Cabe Rawit Merah,Rata-rata DKI Jakarta,59967
2026-07-13,Cabe Rawit Hijau,Rata-rata DKI Jakarta,57117
2026-07-13,Bawang Merah,Rata-rata DKI Jakarta,49067
2026-07-13,Bawang Putih,Rata-rata DKI Jakarta,44267
2026-07-13,Daging Sapi Has (Paha Belakang),Rata-rata DKI Jakarta,152500
2026-07-13,Daging Sapi Murni (Semur),Rata-rata DKI Jakarta,148100
2026-07-13,Ayam Broiler/Ras,Rata-rata DKI Jakarta,42467
2026-07-13,Telur Ayam Ras,Rata-rata DKI Jakarta,25933
2026-07-13,Gula Pasir,Rata-rata DKI Jakarta,18500
2026-07-13,Tepung Terigu,Rata-rata DKI Jakarta,11433
2026-07-13,Garam Dapur,Rata-rata DKI Jakarta,4717
2026-07-13,Kentang (sedang),Rata-rata DKI Jakarta,19083
2026-07-13,Tomat Buah,Rata-rata DKI Jakarta,18950
2026-07-13,Kelapa Kupas,Rata-rata DKI Jakarta,14623
2026-07-13,Semangka,Rata-rata DKI Jakarta,13380
2026-07-13,Jeruk Medan,Rata-rata DKI Jakarta,31667
2026-07-13,Daging Kambing,Rata-rata DKI Jakarta,153000
2026-07-13,Daging Babi Berlemak,Rata-rata DKI Jakarta,104167
2026-07-13,Ikan Bandeng (sedang),Rata-rata DKI Jakarta,43067
2026-07-13,Ikan Mas,Rata-rata DKI Jakarta,42420
2026-07-13,Ikan Lele,Rata-rata DKI Jakarta,30520
2026-07-13,Gas Elpiji 3kg,Rata-rata DKI Jakarta,20533
2026-07-13,Susu Bubuk Bendera 400gr,Rata-rata DKI Jakarta,45500
2026-07-13,Susu Bubuk Dancow 400gr,Rata-rata DKI Jakarta,51667
2026-07-13,Susu Kental Bendera 200gr,Rata-rata DKI Jakarta,13350
2026-07-13,Susu Kental Enak 200gr,Rata-rata DKI Jakarta,23833
2026-07-13,Margarin Blueband Cup,Rata-rata DKI Jakarta,18433
2026-07-13,Margarin Blueband Sachet,Rata-rata DKI Jakarta,10507
2026-07-13,Beras Medium,Rata-rata DKI Jakarta,14000
2026-07-13,Gula Pasir Kemasan Premium,Rata-rata DKI Jakarta,18875
2026-07-13,Minyak Goreng Kemasan Premium,Rata-rata DKI Jakarta,22250
2026-07-13,Minyak Goreng MINYAKITA,Rata-rata DKI Jakarta,17688
2026-07-13,Daging Sapi,Rata-rata DKI Jakarta,144583
2026-07-13,Cabe Rawit Ijo Besar,Rata-rata DKI Jakarta,40208
2026-07-13,Ikan Kembung,Rata-rata DKI Jakarta,47125
2026-07-13,Kacang Kedelai,Rata-rata DKI Jakarta,19250
2026-07-14,Beras IR. I (IR 64),Rata-rata DKI Jakarta,15656
2026-07-14,Beras IR. II (IR 64) Ramos,Rata-rata DKI Jakarta,14580
2026-07-14,Beras IR. III (IR 64),Rata-rata DKI Jakarta,13981
2026-07-14,Beras Muncul I,Rata-rata DKI Jakarta,15539
2026-07-14,Beras IR 42/Pera,Rata-rata DKI Jakarta,16525
2026-07-14,Beras Setra I/Premium,Rata-rata DKI Jakarta,17072
2026-07-14,Minyak Goreng (Kuning/Curah),Rata-rata DKI Jakarta,21980
2026-07-14,Cabe Merah Keriting,Rata-rata DKI Jakarta,46513
2026-07-14,Cabe Merah Besar (TW),Rata-rata DKI Jakarta,51633
2026-07-14,Cabe Rawit Merah,Rata-rata DKI Jakarta,59560
2026-07-14,Cabe Rawit Hijau,Rata-rata DKI Jakarta,55670
2026-07-14,Bawang Merah,Rata-rata DKI Jakarta,49177
2026-07-14,Bawang Putih,Rata-rata DKI Jakarta,44260
2026-07-14,Daging Sapi Has (Paha Belakang),Rata-rata DKI Jakarta,153083
2026-07-14,Daging Sapi Murni (Semur),Rata-rata DKI Jakarta,148433
2026-07-14,Ayam Broiler/Ras,Rata-rata DKI Jakarta,42520
2026-07-14,Telur Ayam Ras,Rata-rata DKI Jakarta,25893
2026-07-14,Gula Pasir,Rata-rata DKI Jakarta,18613
2026-07-14,Tepung Terigu,Rata-rata DKI Jakarta,11373
2026-07-14,Garam Dapur,Rata-rata DKI Jakarta,4700
2026-07-14,Kentang (sedang),Rata-rata DKI Jakarta,19257
2026-07-14,Tomat Buah,Rata-rata DKI Jakarta,18843
2026-07-14,Kelapa Kupas,Rata-rata DKI Jakarta,14623
2026-07-14,Semangka,Rata-rata DKI Jakarta,13653
2026-07-14,Jeruk Medan,Rata-rata DKI Jakarta,31487
2026-07-14,Daging Kambing,Rata-rata DKI Jakarta,152333
2026-07-14,Daging Babi Berlemak,Rata-rata DKI Jakarta,108333
2026-07-14,Ikan Bandeng (sedang),Rata-rata DKI Jakarta,42983
2026-07-14,Ikan Mas,Rata-rata DKI Jakarta,41887
2026-07-14,Ikan Lele,Rata-rata DKI Jakarta,30940
2026-07-14,Gas Elpiji 3kg,Rata-rata DKI Jakarta,20533
2026-07-14,Susu Bubuk Bendera 400gr,Rata-rata DKI Jakarta,45000
2026-07-14,Susu Bubuk Dancow 400gr,Rata-rata DKI Jakarta,51250
2026-07-14,Susu Kental Bendera 200gr,Rata-rata DKI Jakarta,13333
2026-07-14,Susu Kental Enak 200gr,Rata-rata DKI Jakarta,12100
2026-07-14,Margarin Blueband Cup,Rata-rata DKI Jakarta,18033
2026-07-14,Margarin Blueband Sachet,Rata-rata DKI Jakarta,10627
2026-07-14,Beras Medium,Rata-rata DKI Jakarta,14000
2026-07-14,Gula Pasir Kemasan Premium,Rata-rata DKI Jakarta,18854
2026-07-14,Minyak Goreng Kemasan Premium,Rata-rata DKI Jakarta,22917
2026-07-14,Minyak Goreng MINYAKITA,Rata-rata DKI Jakarta,17604
2026-07-14,Daging Sapi,Rata-rata DKI Jakarta,149063
2026-07-14,Cabe Rawit Ijo Besar,Rata-rata DKI Jakarta,43750
2026-07-14,Ikan Kembung,Rata-rata DKI Jakarta,46250
2026-07-14,Kacang Kedelai,Rata-rata DKI Jakarta,17917
2026-07-15,Beras IR. I (IR 64),Rata-rata DKI Jakarta,15590
2026-07-15,Beras IR. II (IR 64) Ramos,Rata-rata DKI Jakarta,14570
2026-07-15,Beras IR. III (IR 64),Rata-rata DKI Jakarta,13847
2026-07-15,Beras Muncul I,Rata-rata DKI Jakarta,15833
2026-07-15,Beras IR 42/Pera,Rata-rata DKI Jakarta,16212
2026-07-15,Beras Setra I/Premium,Rata-rata DKI Jakarta,17150
2026-07-15,Minyak Goreng (Kuning/Curah),Rata-rata DKI Jakarta,21164
2026-07-15,Cabe Merah Keriting,Rata-rata DKI Jakarta,46424
2026-07-15,Cabe Merah Besar (TW),Rata-rata DKI Jakarta,50620
2026-07-15,Cabe Rawit Merah,Rata-rata DKI Jakarta,57719
2026-07-15,Cabe Rawit Hijau,Rata-rata DKI Jakarta,56286
2026-07-15,Bawang Merah,Rata-rata DKI Jakarta,49012
2026-07-15,Bawang Putih,Rata-rata DKI Jakarta,44674
2026-07-15,Daging Sapi Has (Paha Belakang),Rata-rata DKI Jakarta,152262
2026-07-15,Daging Sapi Murni (Semur),Rata-rata DKI Jakarta,147124
2026-07-15,Ayam Broiler/Ras,Rata-rata DKI Jakarta,41909
2026-07-15,Telur Ayam Ras,Rata-rata DKI Jakarta,27710
2026-07-15,Gula Pasir,Rata-rata DKI Jakarta,18495
2026-07-15,Tepung Terigu,Rata-rata DKI Jakarta,11400
2026-07-15,Garam Dapur,Rata-rata DKI Jakarta,4769
2026-07-15,Kentang (sedang),Rata-rata DKI Jakarta,19229
2026-07-15,Tomat Buah,Rata-rata DKI Jakarta,18960
2026-07-15,Kelapa Kupas,Rata-rata DKI Jakarta,14517
2026-07-15,Semangka,Rata-rata DKI Jakarta,13900
2026-07-15,Jeruk Medan,Rata-rata DKI Jakarta,31567
2026-07-15,Daging Kambing,Rata-rata DKI Jakarta,152600
2026-07-15,Daging Babi Berlemak,Rata-rata DKI Jakarta,103111
2026-07-15,Ikan Bandeng (sedang),Rata-rata DKI Jakarta,43372
2026-07-15,Ikan Mas,Rata-rata DKI Jakarta,41783
2026-07-15,Ikan Lele,Rata-rata DKI Jakarta,30900
2026-07-15,Gas Elpiji 3kg,Rata-rata DKI Jakarta,20500
2026-07-15,Susu Bubuk Bendera 400gr,Rata-rata DKI Jakarta,45500
2026-07-15,Susu Bubuk Dancow 400gr,Rata-rata DKI Jakarta,48000
2026-07-15,Susu Kental Bendera 200gr,Rata-rata DKI Jakarta,13131
2026-07-15,Susu Kental Enak 200gr,Rata-rata DKI Jakarta,11933
2026-07-15,Margarin Blueband Cup,Rata-rata DKI Jakarta,18107
2026-07-15,Margarin Blueband Sachet,Rata-rata DKI Jakarta,10383
2026-07-15,Beras Medium,Rata-rata DKI Jakarta,13667
2026-07-15,Gula Pasir Kemasan Premium,Rata-rata DKI Jakarta,19208
2026-07-15,Minyak Goreng Kemasan Premium,Rata-rata DKI Jakarta,23000
2026-07-15,Minyak Goreng MINYAKITA,Rata-rata DKI Jakarta,17038
2026-07-15,Daging Sapi,Rata-rata DKI Jakarta,139063
2026-07-15,Cabe Rawit Ijo Besar,Rata-rata DKI Jakarta,39167
2026-07-15,Ikan Kembung,Rata-rata DKI Jakarta,49250
2026-07-15,Kacang Kedelai,Rata-rata DKI Jakarta,19542
2026-07-19,Beras IR. I (IR 64),Rata-rata DKI Jakarta,15460
2026-07-19,Beras IR. II (IR 64) Ramos,Rata-rata DKI Jakarta,14573
2026-07-19,Beras IR. III (IR 64),Rata-rata DKI Jakarta,13945
2026-07-19,Beras Muncul I,Rata-rata DKI Jakarta,15867
2026-07-19,Beras IR 42/Pera,Rata-rata DKI Jakarta,16590
2026-07-19,Beras Setra I/Premium,Rata-rata DKI Jakarta,16800
2026-07-19,Minyak Goreng (Kuning/Curah),Rata-rata DKI Jakarta,21803
2026-07-19,Cabe Merah Keriting,Rata-rata DKI Jakarta,44983
2026-07-19,Cabe Merah Besar (TW),Rata-rata DKI Jakarta,50633
2026-07-19,Cabe Rawit Merah,Rata-rata DKI Jakarta,57583
2026-07-19,Cabe Rawit Hijau,Rata-rata DKI Jakarta,57000
2026-07-19,Bawang Merah,Rata-rata DKI Jakarta,48067
2026-07-19,Bawang Putih,Rata-rata DKI Jakarta,44087
2026-07-19,Daging Sapi Has (Paha Belakang),Rata-rata DKI Jakarta,151833
2026-07-19,Daging Sapi Murni (Semur),Rata-rata DKI Jakarta,147667
2026-07-19,Ayam Broiler/Ras,Rata-rata DKI Jakarta,43533
2026-07-19,Telur Ayam Ras,Rata-rata DKI Jakarta,26113
2026-07-19,Gula Pasir,Rata-rata DKI Jakarta,18533
2026-07-19,Tepung Terigu,Rata-rata DKI Jakarta,11433
2026-07-19,Garam Dapur,Rata-rata DKI Jakarta,4433
2026-07-19,Kentang (sedang),Rata-rata DKI Jakarta,19047
2026-07-19,Tomat Buah,Rata-rata DKI Jakarta,18320
2026-07-19,Kelapa Kupas,Rata-rata DKI Jakarta,14280
2026-07-19,Semangka,Rata-rata DKI Jakarta,13950
2026-07-19,Jeruk Medan,Rata-rata DKI Jakarta,31550
2026-07-19,Daging Kambing,Rata-rata DKI Jakarta,152333
2026-07-19,Daging Babi Berlemak,Rata-rata DKI Jakarta,102083
2026-07-19,Ikan Bandeng (sedang),Rata-rata DKI Jakarta,43167
2026-07-19,Ikan Mas,Rata-rata DKI Jakarta,42870
2026-07-19,Ikan Lele,Rata-rata DKI Jakarta,30660
2026-07-19,Gas Elpiji 3kg,Rata-rata DKI Jakarta,20600
2026-07-19,Susu Bubuk Bendera 400gr,Rata-rata DKI Jakarta,45000
2026-07-19,Susu Bubuk Dancow 400gr,Rata-rata DKI Jakarta,46667
2026-07-19,Susu Kental Bendera 200gr,Rata-rata DKI Jakarta,13107
2026-07-19,Susu Kental Enak 200gr,Rata-rata DKI Jakarta,11967
2026-07-19,Margarin Blueband Cup,Rata-rata DKI Jakarta,17867
2026-07-19,Margarin Blueband Sachet,Rata-rata DKI Jakarta,10417
2026-07-19,Beras Medium,Rata-rata DKI Jakarta,14000
2026-07-19,Gula Pasir Kemasan Premium,Rata-rata DKI Jakarta,18833
2026-07-19,Minyak Goreng Kemasan Premium,Rata-rata DKI Jakarta,23667
2026-07-19,Minyak Goreng MINYAKITA,Rata-rata DKI Jakarta,17688
2026-07-19,Daging Sapi,Rata-rata DKI Jakarta,137778
2026-07-19,Cabe Rawit Ijo Besar,Rata-rata DKI Jakarta,38333
2026-07-19,Ikan Kembung,Rata-rata DKI Jakarta,48333
2026-07-19,Kacang Kedelai,Rata-rata DKI Jakarta,21000
2026-07-20,Beras IR. I (IR 64),Rata-rata DKI Jakarta,15602
2026-07-20,Beras IR. II (IR 64) Ramos,Rata-rata DKI Jakarta,14709
2026-07-20,Beras IR. III (IR 64),Rata-rata DKI Jakarta,13979
2026-07-20,Beras Muncul I,Rata-rata DKI Jakarta,15750
2026-07-20,Beras IR 42/Pera,Rata-rata DKI Jakarta,16474
2026-07-20,Beras Setra I/Premium,Rata-rata DKI Jakarta,16960
2026-07-20,Minyak Goreng (Kuning/Curah),Rata-rata DKI Jakarta,21685
2026-07-20,Cabe Merah Keriting,Rata-rata DKI Jakarta,46021
2026-07-20,Cabe Merah Besar (TW),Rata-rata DKI Jakarta,50733
2026-07-20,Cabe Rawit Merah,Rata-rata DKI Jakarta,56591
2026-07-20,Cabe Rawit Hijau,Rata-rata DKI Jakarta,56914
2026-07-20,Bawang Merah,Rata-rata DKI Jakarta,47427
2026-07-20,Bawang Putih,Rata-rata DKI Jakarta,44427
2026-07-20,Daging Sapi Has (Paha Belakang),Rata-rata DKI Jakarta,152279
2026-07-20,Daging Sapi Murni (Semur),Rata-rata DKI Jakarta,148124
2026-07-20,Ayam Broiler/Ras,Rata-rata DKI Jakarta,41987
2026-07-20,Telur Ayam Ras,Rata-rata DKI Jakarta,26472
2026-07-20,Gula Pasir,Rata-rata DKI Jakarta,18624
2026-07-20,Tepung Terigu,Rata-rata DKI Jakarta,11410
2026-07-20,Garam Dapur,Rata-rata DKI Jakarta,4609
2026-07-20,Kentang (sedang),Rata-rata DKI Jakarta,19482
2026-07-20,Tomat Buah,Rata-rata DKI Jakarta,18672
2026-07-20,Kelapa Kupas,Rata-rata DKI Jakarta,14613
2026-07-20,Semangka,Rata-rata DKI Jakarta,13567
2026-07-20,Jeruk Medan,Rata-rata DKI Jakarta,31733
2026-07-20,Daging Kambing,Rata-rata DKI Jakarta,152400
2026-07-20,Daging Babi Berlemak,Rata-rata DKI Jakarta,79625
2026-07-20,Ikan Bandeng (sedang),Rata-rata DKI Jakarta,43536
2026-07-20,Ikan Mas,Rata-rata DKI Jakarta,41953
2026-07-20,Ikan Lele,Rata-rata DKI Jakarta,30847
2026-07-20,Gas Elpiji 3kg,Rata-rata DKI Jakarta,20533
2026-07-20,Susu Bubuk Bendera 400gr,Rata-rata DKI Jakarta,45000
2026-07-20,Susu Bubuk Dancow 400gr,Rata-rata DKI Jakarta,52250
2026-07-20,Susu Kental Bendera 200gr,Rata-rata DKI Jakarta,13278
2026-07-20,Susu Kental Enak 200gr,Rata-rata DKI Jakarta,12067
2026-07-20,Margarin Blueband Cup,Rata-rata DKI Jakarta,18090
2026-07-20,Margarin Blueband Sachet,Rata-rata DKI Jakarta,10563
2026-07-20,Beras Medium,Rata-rata DKI Jakarta,13500
2026-07-20,Gula Pasir Kemasan Premium,Rata-rata DKI Jakarta,18813
2026-07-20,Minyak Goreng Kemasan Premium,Rata-rata DKI Jakarta,23146
2026-07-20,Minyak Goreng MINYAKITA,Rata-rata DKI Jakarta,17300
2026-07-20,Daging Sapi,Rata-rata DKI Jakarta,149583
2026-07-20,Cabe Rawit Ijo Besar,Rata-rata DKI Jakarta,38958
2026-07-20,Ikan Kembung,Rata-rata DKI Jakarta,46250
2026-07-20,Kacang Kedelai,Rata-rata DKI Jakarta,17917
2026-07-21,Beras IR. I (IR 64),Rata-rata DKI Jakarta,15562
2026-07-21,Beras IR. II (IR 64) Ramos,Rata-rata DKI Jakarta,14625
2026-07-21,Beras IR. III (IR 64),Rata-rata DKI Jakarta,13842
2026-07-21,Beras Muncul I,Rata-rata DKI Jakarta,15389
2026-07-21,Beras IR 42/Pera,Rata-rata DKI Jakarta,16558
2026-07-21,Beras Setra I/Premium,Rata-rata DKI Jakarta,17000
2026-07-21,Minyak Goreng (Kuning/Curah),Rata-rata DKI Jakarta,21517
2026-07-21,Cabe Merah Keriting,Rata-rata DKI Jakarta,45514
2026-07-21,Cabe Merah Besar (TW),Rata-rata DKI Jakarta,51767
2026-07-21,Cabe Rawit Merah,Rata-rata DKI Jakarta,55762
2026-07-21,Cabe Rawit Hijau,Rata-rata DKI Jakarta,59071
2026-07-21,Bawang Merah,Rata-rata DKI Jakarta,47317
2026-07-21,Bawang Putih,Rata-rata DKI Jakarta,43586
2026-07-21,Daging Sapi Has (Paha Belakang),Rata-rata DKI Jakarta,152548
2026-07-21,Daging Sapi Murni (Semur),Rata-rata DKI Jakarta,147976
2026-07-21,Ayam Broiler/Ras,Rata-rata DKI Jakarta,42395
2026-07-21,Telur Ayam Ras,Rata-rata DKI Jakarta,27014
2026-07-21,Gula Pasir,Rata-rata DKI Jakarta,18647
2026-07-21,Tepung Terigu,Rata-rata DKI Jakarta,11483
2026-07-21,Garam Dapur,Rata-rata DKI Jakarta,4850
2026-07-21,Kentang (sedang),Rata-rata DKI Jakarta,19967
2026-07-21,Tomat Buah,Rata-rata DKI Jakarta,18433
2026-07-21,Kelapa Kupas,Rata-rata DKI Jakarta,14533
2026-07-21,Semangka,Rata-rata DKI Jakarta,13558
2026-07-21,Jeruk Medan,Rata-rata DKI Jakarta,31567
2026-07-21,Daging Kambing,Rata-rata DKI Jakarta,152500
2026-07-21,Daging Babi Berlemak,Rata-rata DKI Jakarta,104833
2026-07-21,Ikan Bandeng (sedang),Rata-rata DKI Jakarta,42786
2026-07-21,Ikan Mas,Rata-rata DKI Jakarta,42237
2026-07-21,Ikan Lele,Rata-rata DKI Jakarta,31033
2026-07-21,Gas Elpiji 3kg,Rata-rata DKI Jakarta,20500
2026-07-21,Susu Bubuk Bendera 400gr,Rata-rata DKI Jakarta,45000
2026-07-21,Susu Bubuk Dancow 400gr,Rata-rata DKI Jakarta,41800
2026-07-21,Susu Kental Bendera 200gr,Rata-rata DKI Jakarta,13473
2026-07-21,Susu Kental Enak 200gr,Rata-rata DKI Jakarta,12067
2026-07-21,Margarin Blueband Cup,Rata-rata DKI Jakarta,18250
2026-07-21,Margarin Blueband Sachet,Rata-rata DKI Jakarta,10717
2026-07-21,Beras Medium,Rata-rata DKI Jakarta,13000
2026-07-21,Gula Pasir Kemasan Premium,Rata-rata DKI Jakarta,18854
2026-07-21,Minyak Goreng Kemasan Premium,Rata-rata DKI Jakarta,22542
2026-07-21,Minyak Goreng MINYAKITA,Rata-rata DKI Jakarta,17038
2026-07-21,Daging Sapi,Rata-rata DKI Jakarta,150000
2026-07-21,Cabe Rawit Ijo Besar,Rata-rata DKI Jakarta,38333
2026-07-21,Ikan Kembung,Rata-rata DKI Jakarta,46250
2026-07-21,Kacang Kedelai,Rata-rata DKI Jakarta,18167
2026-07-22,Beras IR. I (IR 64),Rata-rata DKI Jakarta,15702
2026-07-22,Beras IR. II (IR 64) Ramos,Rata-rata DKI Jakarta,14600
2026-07-22,Beras IR. III (IR 64),Rata-rata DKI Jakarta,13924
2026-07-22,Beras Muncul I,Rata-rata DKI Jakarta,15317
2026-07-22,Beras IR 42/Pera,Rata-rata DKI Jakarta,16293
2026-07-22,Beras Setra I/Premium,Rata-rata DKI Jakarta,16730
2026-07-22,Minyak Goreng (Kuning/Curah),Rata-rata DKI Jakarta,21691
2026-07-22,Cabe Merah Keriting,Rata-rata DKI Jakarta,45097
2026-07-22,Cabe Merah Besar (TW),Rata-rata DKI Jakarta,50467
2026-07-22,Cabe Rawit Merah,Rata-rata DKI Jakarta,54941
2026-07-22,Cabe Rawit Hijau,Rata-rata DKI Jakarta,58552
2026-07-22,Bawang Merah,Rata-rata DKI Jakarta,47746
2026-07-22,Bawang Putih,Rata-rata DKI Jakarta,44079
2026-07-22,Daging Sapi Has (Paha Belakang),Rata-rata DKI Jakarta,153298
2026-07-22,Daging Sapi Murni (Semur),Rata-rata DKI Jakarta,147595
2026-07-22,Ayam Broiler/Ras,Rata-rata DKI Jakarta,41595
2026-07-22,Telur Ayam Ras,Rata-rata DKI Jakarta,27285
2026-07-22,Gula Pasir,Rata-rata DKI Jakarta,18739
2026-07-22,Tepung Terigu,Rata-rata DKI Jakarta,11430
2026-07-22,Garam Dapur,Rata-rata DKI Jakarta,4773
2026-07-22,Kentang (sedang),Rata-rata DKI Jakarta,19270
2026-07-22,Tomat Buah,Rata-rata DKI Jakarta,18543
2026-07-22,Kelapa Kupas,Rata-rata DKI Jakarta,14543
2026-07-22,Semangka,Rata-rata DKI Jakarta,13543
2026-07-22,Jeruk Medan,Rata-rata DKI Jakarta,31550
2026-07-22,Daging Kambing,Rata-rata DKI Jakarta,152833
2026-07-22,Daging Babi Berlemak,Rata-rata DKI Jakarta,104500
2026-07-22,Ikan Bandeng (sedang),Rata-rata DKI Jakarta,43652
2026-07-22,Ikan Mas,Rata-rata DKI Jakarta,41923
2026-07-22,Ikan Lele,Rata-rata DKI Jakarta,30513
2026-07-22,Gas Elpiji 3kg,Rata-rata DKI Jakarta,20533
2026-07-22,Susu Bubuk Bendera 400gr,Rata-rata DKI Jakarta,45000
2026-07-22,Susu Bubuk Dancow 400gr,Rata-rata DKI Jakarta,51250
2026-07-22,Susu Kental Bendera 200gr,Rata-rata DKI Jakarta,13301
2026-07-22,Susu Kental Enak 200gr,Rata-rata DKI Jakarta,12900
2026-07-22,Margarin Blueband Cup,Rata-rata DKI Jakarta,17933
2026-07-22,Margarin Blueband Sachet,Rata-rata DKI Jakarta,10533
2026-07-22,Beras Medium,Rata-rata DKI Jakarta,14000
2026-07-22,Gula Pasir Kemasan Premium,Rata-rata DKI Jakarta,18938
2026-07-22,Minyak Goreng Kemasan Premium,Rata-rata DKI Jakarta,22750
2026-07-22,Minyak Goreng MINYAKITA,Rata-rata DKI Jakarta,16692
2026-07-22,Daging Sapi,Rata-rata DKI Jakarta,150000
2026-07-22,Cabe Rawit Ijo Besar,Rata-rata DKI Jakarta,36667
2026-07-22,Ikan Kembung,Rata-rata DKI Jakarta,46250
2026-07-22,Kacang Kedelai,Rata-rata DKI Jakarta,19222
2026-07-23,Beras IR. I (IR 64),Rata-rata DKI Jakarta,15595
2026-07-23,Beras IR. II (IR 64) Ramos,Rata-rata DKI Jakarta,14642
2026-07-23,Beras IR. III (IR 64),Rata-rata DKI Jakarta,13922
2026-07-23,Beras Muncul I,Rata-rata DKI Jakarta,15458
2026-07-23,Beras IR 42/Pera,Rata-rata DKI Jakarta,16292
2026-07-23,Beras Setra I/Premium,Rata-rata DKI Jakarta,17050
2026-07-23,Minyak Goreng (Kuning/Curah),Rata-rata DKI Jakarta,21583
2026-07-23,Cabe Merah Keriting,Rata-rata DKI Jakarta,44681
2026-07-23,Cabe Merah Besar (TW),Rata-rata DKI Jakarta,49767
2026-07-23,Cabe Rawit Merah,Rata-rata DKI Jakarta,55417
2026-07-23,Cabe Rawit Hijau,Rata-rata DKI Jakarta,58119
2026-07-23,Bawang Merah,Rata-rata DKI Jakarta,46959
2026-07-23,Bawang Putih,Rata-rata DKI Jakarta,43714
2026-07-23,Daging Sapi Has (Paha Belakang),Rata-rata DKI Jakarta,149857
2026-07-23,Daging Sapi Murni (Semur),Rata-rata DKI Jakarta,147909
2026-07-23,Ayam Broiler/Ras,Rata-rata DKI Jakarta,42395
2026-07-23,Telur Ayam Ras,Rata-rata DKI Jakarta,27262
2026-07-23,Gula Pasir,Rata-rata DKI Jakarta,18606
2026-07-23,Tepung Terigu,Rata-rata DKI Jakarta,11517
2026-07-23,Garam Dapur,Rata-rata DKI Jakarta,4725
2026-07-23,Kentang (sedang),Rata-rata DKI Jakarta,19667
2026-07-23,Tomat Buah,Rata-rata DKI Jakarta,18433
2026-07-23,Kelapa Kupas,Rata-rata DKI Jakarta,14567
2026-07-23,Semangka,Rata-rata DKI Jakarta,13758
2026-07-23,Jeruk Medan,Rata-rata DKI Jakarta,31733
2026-07-23,Daging Kambing,Rata-rata DKI Jakarta,152417
2026-07-23,Daging Babi Berlemak,Rata-rata DKI Jakarta,100875
2026-07-23,Ikan Bandeng (sedang),Rata-rata DKI Jakarta,44153
2026-07-23,Ikan Mas,Rata-rata DKI Jakarta,41817
2026-07-23,Ikan Lele,Rata-rata DKI Jakarta,31183
2026-07-23,Gas Elpiji 3kg,Rata-rata DKI Jakarta,20633
2026-07-23,Susu Bubuk Bendera 400gr,Rata-rata DKI Jakarta,45000
2026-07-23,Susu Bubuk Dancow 400gr,Rata-rata DKI Jakarta,51250
2026-07-23,Susu Kental Bendera 200gr,Rata-rata DKI Jakarta,13269
2026-07-23,Susu Kental Enak 200gr,Rata-rata DKI Jakarta,11567
2026-07-23,Margarin Blueband Cup,Rata-rata DKI Jakarta,18217
2026-07-23,Margarin Blueband Sachet,Rata-rata DKI Jakarta,10533
2026-07-23,Beras Medium,Rata-rata DKI Jakarta,13833
2026-07-23,Gula Pasir Kemasan Premium,Rata-rata DKI Jakarta,18817
2026-07-23,Minyak Goreng Kemasan Premium,Rata-rata DKI Jakarta,22767
2026-07-23,Minyak Goreng MINYAKITA,Rata-rata DKI Jakarta,17013
2026-07-23,Daging Sapi,Rata-rata DKI Jakarta,148667
2026-07-23,Cabe Rawit Ijo Besar,Rata-rata DKI Jakarta,39500
2026-07-23,Ikan Kembung,Rata-rata DKI Jakarta,49000
2026-07-23,Kacang Kedelai,Rata-rata DKI Jakarta,17533
2026-07-24,Beras IR. I (IR 64),Rata-rata DKI Jakarta,15508
2026-07-24,Beras IR. II (IR 64) Ramos,Rata-rata DKI Jakarta,14412
2026-07-24,Beras IR. III (IR 64),Rata-rata DKI Jakarta,13707
2026-07-24,Beras Muncul I,Rata-rata DKI Jakarta,15650
2026-07-24,Beras IR 42/Pera,Rata-rata DKI Jakarta,16012
2026-07-24,Beras Setra I/Premium,Rata-rata DKI Jakarta,16803
2026-07-24,Minyak Goreng (Kuning/Curah),Rata-rata DKI Jakarta,21753
2026-07-24,Cabe Merah Keriting,Rata-rata DKI Jakarta,44488
2026-07-24,Cabe Merah Besar (TW),Rata-rata DKI Jakarta,49417
2026-07-24,Cabe Rawit Merah,Rata-rata DKI Jakarta,54533
2026-07-24,Cabe Rawit Hijau,Rata-rata DKI Jakarta,56200
2026-07-24,Bawang Merah,Rata-rata DKI Jakarta,45713
2026-07-24,Bawang Putih,Rata-rata DKI Jakarta,43794
2026-07-24,Daging Sapi Has (Paha Belakang),Rata-rata DKI Jakarta,151700
2026-07-24,Daging Sapi Murni (Semur),Rata-rata DKI Jakarta,147143
2026-07-24,Ayam Broiler/Ras,Rata-rata DKI Jakarta,41549
2026-07-24,Telur Ayam Ras,Rata-rata DKI Jakarta,27335
2026-07-24,Gula Pasir,Rata-rata DKI Jakarta,18414
2026-07-24,Tepung Terigu,Rata-rata DKI Jakarta,11450
2026-07-24,Garam Dapur,Rata-rata DKI Jakarta,4643
2026-07-24,Kentang (sedang),Rata-rata DKI Jakarta,18930
2026-07-24,Tomat Buah,Rata-rata DKI Jakarta,17160
2026-07-24,Kelapa Kupas,Rata-rata DKI Jakarta,14607
2026-07-24,Semangka,Rata-rata DKI Jakarta,13908
2026-07-24,Jeruk Medan,Rata-rata DKI Jakarta,32300
2026-07-24,Daging Kambing,Rata-rata DKI Jakarta,143400
2026-07-24,Daging Babi Berlemak,Rata-rata DKI Jakarta,99833
2026-07-24,Ikan Bandeng (sedang),Rata-rata DKI Jakarta,46052
2026-07-24,Ikan Mas,Rata-rata DKI Jakarta,41570
2026-07-24,Ikan Lele,Rata-rata DKI Jakarta,30733
2026-07-24,Gas Elpiji 3kg,Rata-rata DKI Jakarta,20733
2026-07-24,Susu Bubuk Bendera 400gr,Rata-rata DKI Jakarta,45500
2026-07-24,Susu Bubuk Dancow 400gr,Rata-rata DKI Jakarta,47500
2026-07-24,Susu Kental Bendera 200gr,Rata-rata DKI Jakarta,12979
2026-07-24,Susu Kental Enak 200gr,Rata-rata DKI Jakarta,11567
2026-07-24,Margarin Blueband Cup,Rata-rata DKI Jakarta,17250
2026-07-24,Margarin Blueband Sachet,Rata-rata DKI Jakarta,10050
2026-07-24,Beras Medium,Rata-rata DKI Jakarta,13875
2026-07-24,Gula Pasir Kemasan Premium,Rata-rata DKI Jakarta,18867
2026-07-24,Minyak Goreng Kemasan Premium,Rata-rata DKI Jakarta,23067
2026-07-24,Minyak Goreng MINYAKITA,Rata-rata DKI Jakarta,17223
2026-07-24,Daging Sapi,Rata-rata DKI Jakarta,140667
2026-07-24,Cabe Rawit Ijo Besar,Rata-rata DKI Jakarta,38000
2026-07-24,Ikan Kembung,Rata-rata DKI Jakarta,50400
2026-07-24,Kacang Kedelai,Rata-rata DKI Jakarta,17333
2026-07-26,Beras IR. I (IR 64),Rata-rata DKI Jakarta,15808
2026-07-26,Beras IR. II (IR 64) Ramos,Rata-rata DKI Jakarta,14642
2026-07-26,Beras IR. III (IR 64),Rata-rata DKI Jakarta,14150
2026-07-26,Beras Muncul I,Rata-rata DKI Jakarta,15833
2026-07-26,Beras IR 42/Pera,Rata-rata DKI Jakarta,16287
2026-07-26,Beras Setra I/Premium,Rata-rata DKI Jakarta,17150
2026-07-26,Minyak Goreng (Kuning/Curah),Rata-rata DKI Jakarta,21653
2026-07-26,Cabe Merah Keriting,Rata-rata DKI Jakarta,45067
2026-07-26,Cabe Merah Besar (TW),Rata-rata DKI Jakarta,50583
2026-07-26,Cabe Rawit Merah,Rata-rata DKI Jakarta,54667
2026-07-26,Cabe Rawit Hijau,Rata-rata DKI Jakarta,56609
2026-07-26,Bawang Merah,Rata-rata DKI Jakarta,46543
2026-07-26,Bawang Putih,Rata-rata DKI Jakarta,43968
2026-07-26,Daging Sapi Has (Paha Belakang),Rata-rata DKI Jakarta,153500
2026-07-26,Daging Sapi Murni (Semur),Rata-rata DKI Jakarta,148643
2026-07-26,Ayam Broiler/Ras,Rata-rata DKI Jakarta,42518
2026-07-26,Telur Ayam Ras,Rata-rata DKI Jakarta,27322
2026-07-26,Gula Pasir,Rata-rata DKI Jakarta,18828
2026-07-26,Tepung Terigu,Rata-rata DKI Jakarta,11397
2026-07-26,Garam Dapur,Rata-rata DKI Jakarta,4863
2026-07-26,Kentang (sedang),Rata-rata DKI Jakarta,19727
2026-07-26,Tomat Buah,Rata-rata DKI Jakarta,18088
2026-07-26,Kelapa Kupas,Rata-rata DKI Jakarta,14753
2026-07-26,Semangka,Rata-rata DKI Jakarta,14000
2026-07-26,Jeruk Medan,Rata-rata DKI Jakarta,32400
2026-07-26,Daging Kambing,Rata-rata DKI Jakarta,152667
2026-07-26,Daging Babi Berlemak,Rata-rata DKI Jakarta,104778
2026-07-26,Ikan Bandeng (sedang),Rata-rata DKI Jakarta,42336
2026-07-26,Ikan Mas,Rata-rata DKI Jakarta,42267
2026-07-26,Ikan Lele,Rata-rata DKI Jakarta,30500
2026-07-26,Gas Elpiji 3kg,Rata-rata DKI Jakarta,20500
2026-07-26,Susu Bubuk Bendera 400gr,Rata-rata DKI Jakarta,45000
2026-07-26,Susu Bubuk Dancow 400gr,Rata-rata DKI Jakarta,51250
2026-07-26,Susu Kental Bendera 200gr,Rata-rata DKI Jakarta,13333
2026-07-26,Susu Kental Enak 200gr,Rata-rata DKI Jakarta,11917
2026-07-26,Margarin Blueband Cup,Rata-rata DKI Jakarta,18000
2026-07-26,Margarin Blueband Sachet,Rata-rata DKI Jakarta,10617
2026-07-26,Beras Medium,Rata-rata DKI Jakarta,14000
2026-07-26,Gula Pasir Kemasan Premium,Rata-rata DKI Jakarta,18667
2026-07-26,Minyak Goreng Kemasan Premium,Rata-rata DKI Jakarta,22958
2026-07-26,Minyak Goreng MINYAKITA,Rata-rata DKI Jakarta,17629
2026-07-26,Daging Sapi,Rata-rata DKI Jakarta,149444
2026-07-26,Cabe Rawit Ijo Besar,Rata-rata DKI Jakarta,40833
2026-07-26,Ikan Kembung,Rata-rata DKI Jakarta,48333
2026-07-26,Kacang Kedelai,Rata-rata DKI Jakarta,18556
2026-07-27,Beras IR. I (IR 64),Rata-rata DKI Jakarta,15662
2026-07-27,Beras IR. II (IR 64) Ramos,Rata-rata DKI Jakarta,14625
2026-07-27,Beras IR. III (IR 64),Rata-rata DKI Jakarta,13980
2026-07-27,Beras Muncul I,Rata-rata DKI Jakarta,15611
2026-07-27,Beras IR 42/Pera,Rata-rata DKI Jakarta,16545
2026-07-27,Beras Setra I/Premium,Rata-rata DKI Jakarta,17050
2026-07-27,Minyak Goreng (Kuning/Curah),Rata-rata DKI Jakarta,21621
2026-07-27,Cabe Merah Keriting,Rata-rata DKI Jakarta,45326
2026-07-27,Cabe Merah Besar (TW),Rata-rata DKI Jakarta,49917
2026-07-27,Cabe Rawit Merah,Rata-rata DKI Jakarta,54976
2026-07-27,Cabe Rawit Hijau,Rata-rata DKI Jakarta,57833
2026-07-27,Bawang Merah,Rata-rata DKI Jakarta,45652
2026-07-27,Bawang Putih,Rata-rata DKI Jakarta,43321
2026-07-27,Daging Sapi Has (Paha Belakang),Rata-rata DKI Jakarta,153167
2026-07-27,Daging Sapi Murni (Semur),Rata-rata DKI Jakarta,148076
2026-07-27,Ayam Broiler/Ras,Rata-rata DKI Jakarta,42462
2026-07-27,Telur Ayam Ras,Rata-rata DKI Jakarta,27759
2026-07-27,Gula Pasir,Rata-rata DKI Jakarta,18729
2026-07-27,Tepung Terigu,Rata-rata DKI Jakarta,11450
2026-07-27,Garam Dapur,Rata-rata DKI Jakarta,4767
2026-07-27,Kentang (sedang),Rata-rata DKI Jakarta,19333
2026-07-27,Tomat Buah,Rata-rata DKI Jakarta,18188
2026-07-27,Kelapa Kupas,Rata-rata DKI Jakarta,14533
2026-07-27,Semangka,Rata-rata DKI Jakarta,13758
2026-07-27,Jeruk Medan,Rata-rata DKI Jakarta,31567
2026-07-27,Daging Kambing,Rata-rata DKI Jakarta,152750
2026-07-27,Daging Babi Berlemak,Rata-rata DKI Jakarta,104500
2026-07-27,Ikan Bandeng (sedang),Rata-rata DKI Jakarta,42653
2026-07-27,Ikan Mas,Rata-rata DKI Jakarta,42150
2026-07-27,Ikan Lele,Rata-rata DKI Jakarta,30933
2026-07-27,Gas Elpiji 3kg,Rata-rata DKI Jakarta,20500
2026-07-27,Susu Bubuk Bendera 400gr,Rata-rata DKI Jakarta,45000
2026-07-27,Susu Bubuk Dancow 400gr,Rata-rata DKI Jakarta,51250
2026-07-27,Susu Kental Bendera 200gr,Rata-rata DKI Jakarta,13278
2026-07-27,Susu Kental Enak 200gr,Rata-rata DKI Jakarta,11867
2026-07-27,Margarin Blueband Cup,Rata-rata DKI Jakarta,18450
2026-07-27,Margarin Blueband Sachet,Rata-rata DKI Jakarta,10617
2026-07-27,Beras Medium,Rata-rata DKI Jakarta,14000
2026-07-27,Gula Pasir Kemasan Premium,Rata-rata DKI Jakarta,18771
2026-07-27,Minyak Goreng Kemasan Premium,Rata-rata DKI Jakarta,23000
2026-07-27,Minyak Goreng MINYAKITA,Rata-rata DKI Jakarta,17342
2026-07-27,Daging Sapi,Rata-rata DKI Jakarta,149583
2026-07-27,Cabe Rawit Ijo Besar,Rata-rata DKI Jakarta,40625
2026-07-27,Ikan Kembung,Rata-rata DKI Jakarta,46250
2026-07-27,Kacang Kedelai,Rata-rata DKI Jakarta,18167
2026-07-28,Beras IR. I (IR 64),Rata-rata DKI Jakarta,15537
2026-07-28,Beras IR. II (IR 64) Ramos,Rata-rata DKI Jakarta,14547
2026-07-28,Beras IR. III (IR 64),Rata-rata DKI Jakarta,13839
2026-07-28,Beras Muncul I,Rata-rata DKI Jakarta,15456
2026-07-28,Beras IR 42/Pera,Rata-rata DKI Jakarta,16492
2026-07-28,Beras Setra I/Premium,Rata-rata DKI Jakarta,17084
2026-07-28,Minyak Goreng (Kuning/Curah),Rata-rata DKI Jakarta,21651
2026-07-28,Cabe Merah Keriting,Rata-rata DKI Jakarta,47129
2026-07-28,Cabe Merah Besar (TW),Rata-rata DKI Jakarta,50167
2026-07-28,Cabe Rawit Merah,Rata-rata DKI Jakarta,57565
2026-07-28,Cabe Rawit Hijau,Rata-rata DKI Jakarta,57537
2026-07-28,Bawang Merah,Rata-rata DKI Jakarta,45897
2026-07-28,Bawang Putih,Rata-rata DKI Jakarta,43646
2026-07-28,Daging Sapi Has (Paha Belakang),Rata-rata DKI Jakarta,150350
2026-07-28,Daging Sapi Murni (Semur),Rata-rata DKI Jakarta,148143
2026-07-28,Ayam Broiler/Ras,Rata-rata DKI Jakarta,42566
2026-07-28,Telur Ayam Ras,Rata-rata DKI Jakarta,27373
2026-07-28,Gula Pasir,Rata-rata DKI Jakarta,18601
2026-07-28,Tepung Terigu,Rata-rata DKI Jakarta,11440
2026-07-28,Garam Dapur,Rata-rata DKI Jakarta,4831
2026-07-28,Kentang (sedang),Rata-rata DKI Jakarta,19456
2026-07-28,Tomat Buah,Rata-rata DKI Jakarta,18153
2026-07-28,Kelapa Kupas,Rata-rata DKI Jakarta,14477
2026-07-28,Semangka,Rata-rata DKI Jakarta,13400
2026-07-28,Jeruk Medan,Rata-rata DKI Jakarta,31987
2026-07-28,Daging Kambing,Rata-rata DKI Jakarta,152900
2026-07-28,Daging Babi Berlemak,Rata-rata DKI Jakarta,104833
2026-07-28,Ikan Bandeng (sedang),Rata-rata DKI Jakarta,42222
2026-07-28,Ikan Mas,Rata-rata DKI Jakarta,42257
2026-07-28,Ikan Lele,Rata-rata DKI Jakarta,30860
2026-07-28,Gas Elpiji 3kg,Rata-rata DKI Jakarta,20533
2026-07-28,Susu Bubuk Bendera 400gr,Rata-rata DKI Jakarta,45000
2026-07-28,Susu Bubuk Dancow 400gr,Rata-rata DKI Jakarta,54667
2026-07-28,Susu Kental Bendera 200gr,Rata-rata DKI Jakarta,13266
2026-07-28,Susu Kental Enak 200gr,Rata-rata DKI Jakarta,11867
2026-07-28,Margarin Blueband Cup,Rata-rata DKI Jakarta,17957
2026-07-28,Margarin Blueband Sachet,Rata-rata DKI Jakarta,10779
2026-07-28,Beras Medium,Rata-rata DKI Jakarta,13500
2026-07-28,Gula Pasir Kemasan Premium,Rata-rata DKI Jakarta,18729
2026-07-28,Minyak Goreng Kemasan Premium,Rata-rata DKI Jakarta,23000
2026-07-28,Minyak Goreng MINYAKITA,Rata-rata DKI Jakarta,17300
2026-07-28,Daging Sapi,Rata-rata DKI Jakarta,149583
2026-07-28,Cabe Rawit Ijo Besar,Rata-rata DKI Jakarta,42500
2026-07-28,Ikan Kembung,Rata-rata DKI Jakarta,46250
2026-07-28,Kacang Kedelai,Rata-rata DKI Jakarta,18167
2026-07-29,Beras IR. I (IR 64),Rata-rata DKI Jakarta,15648
2026-07-29,Beras IR. II (IR 64) Ramos,Rata-rata DKI Jakarta,14732
2026-07-29,Beras IR. III (IR 64),Rata-rata DKI Jakarta,14012
2026-07-29,Beras Muncul I,Rata-rata DKI Jakarta,15922
2026-07-29,Beras IR 42/Pera,Rata-rata DKI Jakarta,16591
2026-07-29,Beras Setra I/Premium,Rata-rata DKI Jakarta,17053
2026-07-29,Minyak Goreng (Kuning/Curah),Rata-rata DKI Jakarta,21850
2026-07-29,Cabe Merah Keriting,Rata-rata DKI Jakarta,44741
2026-07-29,Cabe Merah Besar (TW),Rata-rata DKI Jakarta,46717
2026-07-29,Cabe Rawit Merah,Rata-rata DKI Jakarta,56521
2026-07-29,Cabe Rawit Hijau,Rata-rata DKI Jakarta,56481
2026-07-29,Bawang Merah,Rata-rata DKI Jakarta,45433
2026-07-29,Bawang Putih,Rata-rata DKI Jakarta,43288
2026-07-29,Daging Sapi Has (Paha Belakang),Rata-rata DKI Jakarta,154083
2026-07-29,Daging Sapi Murni (Semur),Rata-rata DKI Jakarta,148479
2026-07-29,Ayam Broiler/Ras,Rata-rata DKI Jakarta,44355
2026-07-29,Telur Ayam Ras,Rata-rata DKI Jakarta,27100
2026-07-29,Gula Pasir,Rata-rata DKI Jakarta,18595
2026-07-29,Tepung Terigu,Rata-rata DKI Jakarta,11250
2026-07-29,Garam Dapur,Rata-rata DKI Jakarta,4192
2026-07-29,Kentang (sedang),Rata-rata DKI Jakarta,18817
2026-07-29,Tomat Buah,Rata-rata DKI Jakarta,17290
2026-07-29,Kelapa Kupas,Rata-rata DKI Jakarta,14433
2026-07-29,Semangka,Rata-rata DKI Jakarta,13758
2026-07-29,Jeruk Medan,Rata-rata DKI Jakarta,31050
2026-07-29,Daging Kambing,Rata-rata DKI Jakarta,152250
2026-07-29,Daging Babi Berlemak,Rata-rata DKI Jakarta,103111
2026-07-29,Ikan Bandeng (sedang),Rata-rata DKI Jakarta,43319
2026-07-29,Ikan Mas,Rata-rata DKI Jakarta,43700
2026-07-29,Ikan Lele,Rata-rata DKI Jakarta,27850
2026-07-29,Gas Elpiji 3kg,Rata-rata DKI Jakarta,20533
2026-07-29,Susu Bubuk Bendera 400gr,Rata-rata DKI Jakarta,45000
2026-07-29,Susu Bubuk Dancow 400gr,Rata-rata DKI Jakarta,46667
2026-07-29,Susu Kental Bendera 200gr,Rata-rata DKI Jakarta,13078
2026-07-29,Susu Kental Enak 200gr,Rata-rata DKI Jakarta,11500
2026-07-29,Margarin Blueband Cup,Rata-rata DKI Jakarta,18117
2026-07-29,Margarin Blueband Sachet,Rata-rata DKI Jakarta,10667
2026-07-29,Beras Medium,Rata-rata DKI Jakarta,14500
2026-07-29,Gula Pasir Kemasan Premium,Rata-rata DKI Jakarta,18834
2026-07-29,Minyak Goreng Kemasan Premium,Rata-rata DKI Jakarta,22750
2026-07-29,Minyak Goreng MINYAKITA,Rata-rata DKI Jakarta,17879
2026-07-29,Daging Sapi,Rata-rata DKI Jakarta,149444
2026-07-29,Cabe Rawit Ijo Besar,Rata-rata DKI Jakarta,38542
2026-07-29,Ikan Kembung,Rata-rata DKI Jakarta,45000
2026-07-29,Kacang Kedelai,Rata-rata DKI Jakarta,18556
2026-07-31,Beras IR. I (IR 64),Rata-rata DKI Jakarta,15693
2026-07-31,Beras IR. II (IR 64) Ramos,Rata-rata DKI Jakarta,14627
2026-07-31,Beras IR. III (IR 64),Rata-rata DKI Jakarta,13912
2026-07-31,Beras Muncul I,Rata-rata DKI Jakarta,15922
2026-07-31,Beras IR 42/Pera,Rata-rata DKI Jakarta,16410
2026-07-31,Beras Setra I/Premium,Rata-rata DKI Jakarta,16786
2026-07-31,Minyak Goreng (Kuning/Curah),Rata-rata DKI Jakarta,21235
2026-07-31,Cabe Merah Keriting,Rata-rata DKI Jakarta,45286
2026-07-31,Cabe Merah Besar (TW),Rata-rata DKI Jakarta,44667
2026-07-31,Cabe Rawit Merah,Rata-rata DKI Jakarta,54855
2026-07-31,Cabe Rawit Hijau,Rata-rata DKI Jakarta,54921
2026-07-31,Bawang Merah,Rata-rata DKI Jakarta,43800
2026-07-31,Bawang Putih,Rata-rata DKI Jakarta,42998
2026-07-31,Daging Sapi Has (Paha Belakang),Rata-rata DKI Jakarta,152017
2026-07-31,Daging Sapi Murni (Semur),Rata-rata DKI Jakarta,147309
2026-07-31,Ayam Broiler/Ras,Rata-rata DKI Jakarta,43009
2026-07-31,Telur Ayam Ras,Rata-rata DKI Jakarta,26969
2026-07-31,Gula Pasir,Rata-rata DKI Jakarta,18538
2026-07-31,Tepung Terigu,Rata-rata DKI Jakarta,11117
2026-07-31,Garam Dapur,Rata-rata DKI Jakarta,4644
2026-07-31,Kentang (sedang),Rata-rata DKI Jakarta,18621
2026-07-31,Tomat Buah,Rata-rata DKI Jakarta,17567
2026-07-31,Kelapa Kupas,Rata-rata DKI Jakarta,14533
2026-07-31,Semangka,Rata-rata DKI Jakarta,13692
2026-07-31,Jeruk Medan,Rata-rata DKI Jakarta,30467
2026-07-31,Daging Kambing,Rata-rata DKI Jakarta,152900
2026-07-31,Daging Babi Berlemak,Rata-rata DKI Jakarta,103111
2026-07-31,Ikan Bandeng (sedang),Rata-rata DKI Jakarta,43786
2026-07-31,Ikan Mas,Rata-rata DKI Jakarta,42300
2026-07-31,Ikan Lele,Rata-rata DKI Jakarta,30533
2026-07-31,Gas Elpiji 3kg,Rata-rata DKI Jakarta,20533
2026-07-31,Susu Bubuk Bendera 400gr,Rata-rata DKI Jakarta,45000
2026-07-31,Susu Bubuk Dancow 400gr,Rata-rata DKI Jakarta,48000
2026-07-31,Susu Kental Bendera 200gr,Rata-rata DKI Jakarta,12973
2026-07-31,Susu Kental Enak 200gr,Rata-rata DKI Jakarta,11800
2026-07-31,Margarin Blueband Cup,Rata-rata DKI Jakarta,17590
2026-07-31,Margarin Blueband Sachet,Rata-rata DKI Jakarta,10283
2026-07-31,Beras Medium,Rata-rata DKI Jakarta,13500
2026-07-31,Gula Pasir Kemasan Premium,Rata-rata DKI Jakarta,18792
2026-07-31,Minyak Goreng Kemasan Premium,Rata-rata DKI Jakarta,22875
2026-07-31,Minyak Goreng MINYAKITA,Rata-rata DKI Jakarta,17575
2026-07-31,Daging Sapi,Rata-rata DKI Jakarta,149444
2026-07-31,Cabe Rawit Ijo Besar,Rata-rata DKI Jakarta,39479
2026-07-31,Ikan Kembung,Rata-rata DKI Jakarta,45625
2026-07-31,Kacang Kedelai,Rata-rata DKI Jakarta,16556
2026-08-01,Beras IR. I (IR 64),Rata-rata DKI Jakarta,15495
2026-08-01,Beras IR. II (IR 64) Ramos,Rata-rata DKI Jakarta,14528
2026-08-01,Beras IR. III (IR 64),Rata-rata DKI Jakarta,13892
2026-08-01,Beras Muncul I,Rata-rata DKI Jakarta,15333
2026-08-01,Beras IR 42/Pera,Rata-rata DKI Jakarta,16547
2026-08-01,Beras Setra I/Premium,Rata-rata DKI Jakarta,16583
2026-08-01,Minyak Goreng (Kuning/Curah),Rata-rata DKI Jakarta,21187
2026-08-01,Cabe Merah Keriting,Rata-rata DKI Jakarta,49457
2026-08-01,Cabe Merah Besar (TW),Rata-rata DKI Jakarta,55333
2026-08-01,Cabe Rawit Merah,Rata-rata DKI Jakarta,57448
2026-08-01,Cabe Rawit Hijau,Rata-rata DKI Jakarta,56238
2026-08-01,Bawang Merah,Rata-rata DKI Jakarta,45982
2026-08-01,Bawang Putih,Rata-rata DKI Jakarta,43477
2026-08-01,Daging Sapi Has (Paha Belakang),Rata-rata DKI Jakarta,153167
2026-08-01,Daging Sapi Murni (Semur),Rata-rata DKI Jakarta,148143
2026-08-01,Ayam Broiler/Ras,Rata-rata DKI Jakarta,42438
2026-08-01,Telur Ayam Ras,Rata-rata DKI Jakarta,27163
2026-08-01,Gula Pasir,Rata-rata DKI Jakarta,18662
2026-08-01,Tepung Terigu,Rata-rata DKI Jakarta,11223
2026-08-01,Garam Dapur,Rata-rata DKI Jakarta,4223
2026-08-01,Kentang (sedang),Rata-rata DKI Jakarta,19573
2026-08-01,Tomat Buah,Rata-rata DKI Jakarta,17673
2026-08-01,Kelapa Kupas,Rata-rata DKI Jakarta,13733
2026-08-01,Semangka,Rata-rata DKI Jakarta,13521
2026-08-01,Jeruk Medan,Rata-rata DKI Jakarta,33317
2026-08-01,Daging Kambing,Rata-rata DKI Jakarta,151667
2026-08-01,Daging Babi Berlemak,Rata-rata DKI Jakarta,106444
2026-08-01,Ikan Bandeng (sedang),Rata-rata DKI Jakarta,41986
2026-08-01,Ikan Mas,Rata-rata DKI Jakarta,41537
2026-08-01,Ikan Lele,Rata-rata DKI Jakarta,30792
2026-08-01,Gas Elpiji 3kg,Rata-rata DKI Jakarta,20625
2026-08-01,Susu Bubuk Bendera 400gr,Rata-rata DKI Jakarta,45000
2026-08-01,Susu Bubuk Dancow 400gr,Rata-rata DKI Jakarta,53333
2026-08-01,Susu Kental Bendera 200gr,Rata-rata DKI Jakarta,13459
2026-08-01,Susu Kental Enak 200gr,Rata-rata DKI Jakarta,11583
2026-08-01,Margarin Blueband Cup,Rata-rata DKI Jakarta,17967
2026-08-01,Margarin Blueband Sachet,Rata-rata DKI Jakarta,10850
2026-08-01,Beras Medium,Rata-rata DKI Jakarta,14000
2026-08-01,Gula Pasir Kemasan Premium,Rata-rata DKI Jakarta,18889
2026-08-01,Minyak Goreng Kemasan Premium,Rata-rata DKI Jakarta,22167
2026-08-01,Minyak Goreng MINYAKITA,Rata-rata DKI Jakarta,17056
2026-08-01,Daging Sapi,Rata-rata DKI Jakarta,150000
2026-08-01,Cabe Rawit Ijo Besar,Rata-rata DKI Jakarta,41875
2026-08-01,Ikan Kembung,Rata-rata DKI Jakarta,45834
2026-08-01,Kacang Kedelai,Rata-rata DKI Jakarta,15667
2026-08-02,Beras IR. I (IR 64),Rata-rata DKI Jakarta,15595
2026-08-02,Beras IR. II (IR 64) Ramos,Rata-rata DKI Jakarta,14108
2026-08-02,Beras IR. III (IR 64),Rata-rata DKI Jakarta,13600
2026-08-02,Beras Muncul I,Rata-rata DKI Jakarta,15667
2026-08-02,Beras IR 42/Pera,Rata-rata DKI Jakarta,16587
2026-08-02,Beras Setra I/Premium,Rata-rata DKI Jakarta,16817
2026-08-02,Minyak Goreng (Kuning/Curah),Rata-rata DKI Jakarta,21627
2026-08-02,Cabe Merah Keriting,Rata-rata DKI Jakarta,48191
2026-08-02,Cabe Merah Besar (TW),Rata-rata DKI Jakarta,50667
2026-08-02,Cabe Rawit Merah,Rata-rata DKI Jakarta,56981
2026-08-02,Cabe Rawit Hijau,Rata-rata DKI Jakarta,56833
2026-08-02,Bawang Merah,Rata-rata DKI Jakarta,44962
2026-08-02,Bawang Putih,Rata-rata DKI Jakarta,43471
2026-08-02,Daging Sapi Has (Paha Belakang),Rata-rata DKI Jakarta,146550
2026-08-02,Daging Sapi Murni (Semur),Rata-rata DKI Jakarta,147809
2026-08-02,Ayam Broiler/Ras,Rata-rata DKI Jakarta,42181
2026-08-02,Telur Ayam Ras,Rata-rata DKI Jakarta,27009
2026-08-02,Gula Pasir,Rata-rata DKI Jakarta,18845
2026-08-02,Tepung Terigu,Rata-rata DKI Jakarta,11583
2026-08-02,Garam Dapur,Rata-rata DKI Jakarta,4967
2026-08-02,Kentang (sedang),Rata-rata DKI Jakarta,19400
2026-08-02,Tomat Buah,Rata-rata DKI Jakarta,17505
2026-08-02,Kelapa Kupas,Rata-rata DKI Jakarta,14667
2026-08-02,Semangka,Rata-rata DKI Jakarta,14967
2026-08-02,Jeruk Medan,Rata-rata DKI Jakarta,33067
2026-08-02,Daging Kambing,Rata-rata DKI Jakarta,153000
2026-08-02,Daging Babi Berlemak,Rata-rata DKI Jakarta,104778
2026-08-02,Ikan Bandeng (sedang),Rata-rata DKI Jakarta,41786
2026-08-02,Ikan Mas,Rata-rata DKI Jakarta,42517
2026-08-02,Ikan Lele,Rata-rata DKI Jakarta,30700
2026-08-02,Gas Elpiji 3kg,Rata-rata DKI Jakarta,20625
2026-08-02,Susu Bubuk Bendera 400gr,Rata-rata DKI Jakarta,45000
2026-08-02,Susu Bubuk Dancow 400gr,Rata-rata DKI Jakarta,57500
2026-08-02,Susu Kental Bendera 200gr,Rata-rata DKI Jakarta,13903
2026-08-02,Susu Kental Enak 200gr,Rata-rata DKI Jakarta,12067
2026-08-02,Margarin Blueband Cup,Rata-rata DKI Jakarta,17267
2026-08-02,Margarin Blueband Sachet,Rata-rata DKI Jakarta,10483
2026-08-02,Beras Medium,Rata-rata DKI Jakarta,14000
2026-08-02,Gula Pasir Kemasan Premium,Rata-rata DKI Jakarta,18917
2026-08-02,Minyak Goreng Kemasan Premium,Rata-rata DKI Jakarta,22125
2026-08-02,Minyak Goreng MINYAKITA,Rata-rata DKI Jakarta,18542
2026-08-02,Daging Sapi,Rata-rata DKI Jakarta,150000
2026-08-02,Cabe Rawit Ijo Besar,Rata-rata DKI Jakarta,39167
2026-08-02,Ikan Kembung,Rata-rata DKI Jakarta,46667
2026-08-02,Kacang Kedelai,Rata-rata DKI Jakarta,20334
2026-08-03,Beras IR. I (IR 64),Rata-rata DKI Jakarta,15524
2026-08-03,Beras IR. II (IR 64) Ramos,Rata-rata DKI Jakarta,14237
2026-08-03,Beras IR. III (IR 64),Rata-rata DKI Jakarta,13647
2026-08-03,Beras Muncul I,Rata-rata DKI Jakarta,15833
2026-08-03,Beras IR 42/Pera,Rata-rata DKI Jakarta,15751
2026-08-03,Beras Setra I/Premium,Rata-rata DKI Jakarta,16183
2026-08-03,Minyak Goreng (Kuning/Curah),Rata-rata DKI Jakarta,21238
2026-08-03,Cabe Merah Keriting,Rata-rata DKI Jakarta,46229
2026-08-03,Cabe Merah Besar (TW),Rata-rata DKI Jakarta,48833
2026-08-03,Cabe Rawit Merah,Rata-rata DKI Jakarta,55552
2026-08-03,Cabe Rawit Hijau,Rata-rata DKI Jakarta,55067
2026-08-03,Bawang Merah,Rata-rata DKI Jakarta,44467
2026-08-03,Bawang Putih,Rata-rata DKI Jakarta,42600
2026-08-03,Daging Sapi Has (Paha Belakang),Rata-rata DKI Jakarta,148800
2026-08-03,Daging Sapi Murni (Semur),Rata-rata DKI Jakarta,146309
2026-08-03,Ayam Broiler/Ras,Rata-rata DKI Jakarta,41929
2026-08-03,Telur Ayam Ras,Rata-rata DKI Jakarta,26612
2026-08-03,Gula Pasir,Rata-rata DKI Jakarta,18625
2026-08-03,Tepung Terigu,Rata-rata DKI Jakarta,11703
2026-08-03,Garam Dapur,Rata-rata DKI Jakarta,5729
2026-08-03,Kentang (sedang),Rata-rata DKI Jakarta,19315
2026-08-03,Tomat Buah,Rata-rata DKI Jakarta,17802
2026-08-03,Kelapa Kupas,Rata-rata DKI Jakarta,14470
2026-08-03,Semangka,Rata-rata DKI Jakarta,12792
2026-08-03,Jeruk Medan,Rata-rata DKI Jakarta,31750
2026-08-03,Daging Kambing,Rata-rata DKI Jakarta,153400
2026-08-03,Daging Babi Berlemak,Rata-rata DKI Jakarta,104778
2026-08-03,Ikan Bandeng (sedang),Rata-rata DKI Jakarta,44732
2026-08-03,Ikan Mas,Rata-rata DKI Jakarta,39208
2026-08-03,Ikan Lele,Rata-rata DKI Jakarta,30792
2026-08-03,Gas Elpiji 3kg,Rata-rata DKI Jakarta,20625
2026-08-03,Susu Bubuk Bendera 400gr,Rata-rata DKI Jakarta,45000
2026-08-03,Susu Bubuk Dancow 400gr,Rata-rata DKI Jakarta,54667
2026-08-03,Susu Kental Bendera 200gr,Rata-rata DKI Jakarta,13369
2026-08-03,Susu Kental Enak 200gr,Rata-rata DKI Jakarta,11833
2026-08-03,Margarin Blueband Cup,Rata-rata DKI Jakarta,17957
2026-08-03,Margarin Blueband Sachet,Rata-rata DKI Jakarta,10430
2026-08-03,Beras Medium,Rata-rata DKI Jakarta,13500
2026-08-03,Gula Pasir Kemasan Premium,Rata-rata DKI Jakarta,18750
2026-08-03,Minyak Goreng Kemasan Premium,Rata-rata DKI Jakarta,22792
2026-08-03,Minyak Goreng MINYAKITA,Rata-rata DKI Jakarta,17325
2026-08-03,Daging Sapi,Rata-rata DKI Jakarta,149444
2026-08-03,Cabe Rawit Ijo Besar,Rata-rata DKI Jakarta,40000
2026-08-03,Ikan Kembung,Rata-rata DKI Jakarta,50139
2026-08-03,Kacang Kedelai,Rata-rata DKI Jakarta,16556
2026-08-04,Beras IR. I (IR 64),Rata-rata DKI Jakarta,15744
2026-08-04,Beras IR. II (IR 64) Ramos,Rata-rata DKI Jakarta,14720
2026-08-04,Beras IR. III (IR 64),Rata-rata DKI Jakarta,13844
2026-08-04,Beras Muncul I,Rata-rata DKI Jakarta,15589
2026-08-04,Beras IR 42/Pera,Rata-rata DKI Jakarta,16357
2026-08-04,Beras Setra I/Premium,Rata-rata DKI Jakarta,16778
2026-08-04,Minyak Goreng (Kuning/Curah),Rata-rata DKI Jakarta,21413
2026-08-04,Cabe Merah Keriting,Rata-rata DKI Jakarta,47562
2026-08-04,Cabe Merah Besar (TW),Rata-rata DKI Jakarta,51967
2026-08-04,Cabe Rawit Merah,Rata-rata DKI Jakarta,57824
2026-08-04,Cabe Rawit Hijau,Rata-rata DKI Jakarta,55701
2026-08-04,Bawang Merah,Rata-rata DKI Jakarta,44785
2026-08-04,Bawang Putih,Rata-rata DKI Jakarta,44118
2026-08-04,Daging Sapi Has (Paha Belakang),Rata-rata DKI Jakarta,152583
2026-08-04,Daging Sapi Murni (Semur),Rata-rata DKI Jakarta,148309
2026-08-04,Ayam Broiler/Ras,Rata-rata DKI Jakarta,42713
2026-08-04,Telur Ayam Ras,Rata-rata DKI Jakarta,26758
2026-08-04,Gula Pasir,Rata-rata DKI Jakarta,18725
2026-08-04,Tepung Terigu,Rata-rata DKI Jakarta,11380
2026-08-04,Garam Dapur,Rata-rata DKI Jakarta,4773
2026-08-04,Kentang (sedang),Rata-rata DKI Jakarta,19270
2026-08-04,Tomat Buah,Rata-rata DKI Jakarta,17653
2026-08-04,Kelapa Kupas,Rata-rata DKI Jakarta,14503
2026-08-04,Semangka,Rata-rata DKI Jakarta,13658
2026-08-04,Jeruk Medan,Rata-rata DKI Jakarta,31550
2026-08-04,Daging Kambing,Rata-rata DKI Jakarta,152833
2026-08-04,Daging Babi Berlemak,Rata-rata DKI Jakarta,104778
2026-08-04,Ikan Bandeng (sedang),Rata-rata DKI Jakarta,43186
2026-08-04,Ikan Mas,Rata-rata DKI Jakarta,42153
2026-08-04,Ikan Lele,Rata-rata DKI Jakarta,30233
2026-08-04,Gas Elpiji 3kg,Rata-rata DKI Jakarta,20533
2026-08-04,Susu Bubuk Bendera 400gr,Rata-rata DKI Jakarta,45000
2026-08-04,Susu Bubuk Dancow 400gr,Rata-rata DKI Jakarta,41000
2026-08-04,Susu Kental Bendera 200gr,Rata-rata DKI Jakarta,13333
2026-08-04,Susu Kental Enak 200gr,Rata-rata DKI Jakarta,11900
2026-08-04,Margarin Blueband Cup,Rata-rata DKI Jakarta,17786
2026-08-04,Margarin Blueband Sachet,Rata-rata DKI Jakarta,10467
2026-08-04,Beras Medium,Rata-rata DKI Jakarta,14000
2026-08-04,Gula Pasir Kemasan Premium,Rata-rata DKI Jakarta,19125
2026-08-04,Minyak Goreng Kemasan Premium,Rata-rata DKI Jakarta,23125
2026-08-04,Minyak Goreng MINYAKITA,Rata-rata DKI Jakarta,17879
2026-08-04,Daging Sapi,Rata-rata DKI Jakarta,150000
2026-08-04,Cabe Rawit Ijo Besar,Rata-rata DKI Jakarta,43542
2026-08-04,Ikan Kembung,Rata-rata DKI Jakarta,45000
2026-08-04,Kacang Kedelai,Rata-rata DKI Jakarta,18889
2026-08-05,Beras IR. I (IR 64),Rata-rata DKI Jakarta,15645
2026-08-05,Beras IR. II (IR 64) Ramos,Rata-rata DKI Jakarta,14175
2026-08-05,Beras IR. III (IR 64),Rata-rata DKI Jakarta,13647
2026-08-05,Beras Muncul I,Rata-rata DKI Jakarta,15917
2026-08-05,Beras IR 42/Pera,Rata-rata DKI Jakarta,15983
2026-08-05,Beras Setra I/Premium,Rata-rata DKI Jakarta,16219
2026-08-05,Minyak Goreng (Kuning/Curah),Rata-rata DKI Jakarta,21100
2026-08-05,Cabe Merah Keriting,Rata-rata DKI Jakarta,48526
2026-08-05,Cabe Merah Besar (TW),Rata-rata DKI Jakarta,54333
2026-08-05,Cabe Rawit Merah,Rata-rata DKI Jakarta,58343
2026-08-05,Cabe Rawit Hijau,Rata-rata DKI Jakarta,57431
2026-08-05,Bawang Merah,Rata-rata DKI Jakarta,45693
2026-08-05,Bawang Putih,Rata-rata DKI Jakarta,43731
2026-08-05,Daging Sapi Has (Paha Belakang),Rata-rata DKI Jakarta,149250
2026-08-05,Daging Sapi Murni (Semur),Rata-rata DKI Jakarta,146767
2026-08-05,Ayam Broiler/Ras,Rata-rata DKI Jakarta,42871
2026-08-05,Telur Ayam Ras,Rata-rata DKI Jakarta,26807
2026-08-05,Gula Pasir,Rata-rata DKI Jakarta,18579
2026-08-05,Tepung Terigu,Rata-rata DKI Jakarta,11733
2026-08-05,Garam Dapur,Rata-rata DKI Jakarta,5683
2026-08-05,Kentang (sedang),Rata-rata DKI Jakarta,19467
2026-08-05,Tomat Buah,Rata-rata DKI Jakarta,18331
2026-08-05,Kelapa Kupas,Rata-rata DKI Jakarta,15067
2026-08-05,Semangka,Rata-rata DKI Jakarta,13792
2026-08-05,Jeruk Medan,Rata-rata DKI Jakarta,31750
2026-08-05,Daging Kambing,Rata-rata DKI Jakarta,123950
2026-08-05,Daging Babi Berlemak,Rata-rata DKI Jakarta,104778
2026-08-05,Ikan Bandeng (sedang),Rata-rata DKI Jakarta,43649
2026-08-05,Ikan Mas,Rata-rata DKI Jakarta,40563
2026-08-05,Ikan Lele,Rata-rata DKI Jakarta,30709
2026-08-05,Gas Elpiji 3kg,Rata-rata DKI Jakarta,20625
2026-08-05,Susu Bubuk Bendera 400gr,Rata-rata DKI Jakarta,45500
2026-08-05,Susu Bubuk Dancow 400gr,Rata-rata DKI Jakarta,53333
2026-08-05,Susu Kental Bendera 200gr,Rata-rata DKI Jakarta,13403
2026-08-05,Susu Kental Enak 200gr,Rata-rata DKI Jakarta,11867
2026-08-05,Margarin Blueband Cup,Rata-rata DKI Jakarta,17817
2026-08-05,Margarin Blueband Sachet,Rata-rata DKI Jakarta,10467
2026-08-05,Beras Medium,Rata-rata DKI Jakarta,14000
2026-08-05,Gula Pasir Kemasan Premium,Rata-rata DKI Jakarta,18834
2026-08-05,Minyak Goreng Kemasan Premium,Rata-rata DKI Jakarta,22813
2026-08-05,Minyak Goreng MINYAKITA,Rata-rata DKI Jakarta,17342
2026-08-05,Daging Sapi,Rata-rata DKI Jakarta,139583
2026-08-05,Cabe Rawit Ijo Besar,Rata-rata DKI Jakarta,40417
2026-08-05,Ikan Kembung,Rata-rata DKI Jakarta,48333
2026-08-05,Kacang Kedelai,Rata-rata DKI Jakarta,20917
2026-08-07,Beras IR. I (IR 64),Rata-rata DKI Jakarta,15775
2026-08-07,Beras IR. II (IR 64) Ramos,Rata-rata DKI Jakarta,14590
2026-08-07,Beras IR. III (IR 64),Rata-rata DKI Jakarta,13914
2026-08-07,Beras Muncul I,Rata-rata DKI Jakarta,15861
2026-08-07,Beras IR 42/Pera,Rata-rata DKI Jakarta,16680
2026-08-07,Beras Setra I/Premium,Rata-rata DKI Jakarta,16928
2026-08-07,Minyak Goreng (Kuning/Curah),Rata-rata DKI Jakarta,21700
2026-08-07,Cabe Merah Keriting,Rata-rata DKI Jakarta,46814
2026-08-07,Cabe Merah Besar (TW),Rata-rata DKI Jakarta,52083
2026-08-07,Cabe Rawit Merah,Rata-rata DKI Jakarta,59883
2026-08-07,Cabe Rawit Hijau,Rata-rata DKI Jakarta,55755
2026-08-07,Bawang Merah,Rata-rata DKI Jakarta,44909
2026-08-07,Bawang Putih,Rata-rata DKI Jakarta,43314
2026-08-07,Daging Sapi Has (Paha Belakang),Rata-rata DKI Jakarta,152583
2026-08-07,Daging Sapi Murni (Semur),Rata-rata DKI Jakarta,148409
2026-08-07,Ayam Broiler/Ras,Rata-rata DKI Jakarta,44205
2026-08-07,Telur Ayam Ras,Rata-rata DKI Jakarta,26607
2026-08-07,Gula Pasir,Rata-rata DKI Jakarta,18695
2026-08-07,Tepung Terigu,Rata-rata DKI Jakarta,11250
2026-08-07,Garam Dapur,Rata-rata DKI Jakarta,4775
2026-08-07,Kentang (sedang),Rata-rata DKI Jakarta,19300
2026-08-07,Tomat Buah,Rata-rata DKI Jakarta,17124
2026-08-07,Kelapa Kupas,Rata-rata DKI Jakarta,14867
2026-08-07,Semangka,Rata-rata DKI Jakarta,13833
2026-08-07,Jeruk Medan,Rata-rata DKI Jakarta,31900
2026-08-07,Daging Kambing,Rata-rata DKI Jakarta,153250
2026-08-07,Daging Babi Berlemak,Rata-rata DKI Jakarta,104778
2026-08-07,Ikan Bandeng (sedang),Rata-rata DKI Jakarta,42952
2026-08-07,Ikan Mas,Rata-rata DKI Jakarta,42483
2026-08-07,Ikan Lele,Rata-rata DKI Jakarta,30533
2026-08-07,Gas Elpiji 3kg,Rata-rata DKI Jakarta,20533
2026-08-07,Susu Bubuk Bendera 400gr,Rata-rata DKI Jakarta,45000
2026-08-07,Susu Bubuk Dancow 400gr,Rata-rata DKI Jakarta,51250
2026-08-07,Susu Kental Bendera 200gr,Rata-rata DKI Jakarta,13286
2026-08-07,Susu Kental Enak 200gr,Rata-rata DKI Jakarta,11900
2026-08-07,Margarin Blueband Cup,Rata-rata DKI Jakarta,17867
2026-08-07,Margarin Blueband Sachet,Rata-rata DKI Jakarta,10600
2026-08-07,Beras Medium,Rata-rata DKI Jakarta,14000
2026-08-07,Gula Pasir Kemasan Premium,Rata-rata DKI Jakarta,18792
2026-08-07,Minyak Goreng Kemasan Premium,Rata-rata DKI Jakarta,23000
2026-08-07,Minyak Goreng MINYAKITA,Rata-rata DKI Jakarta,18600
2026-08-07,Daging Sapi,Rata-rata DKI Jakarta,149444
2026-08-07,Cabe Rawit Ijo Besar,Rata-rata DKI Jakarta,40208
2026-08-07,Ikan Kembung,Rata-rata DKI Jakarta,43750
2026-08-07,Kacang Kedelai,Rata-rata DKI Jakarta,19000
2026-08-10,Beras IR. I (IR 64),Rata-rata DKI Jakarta,15595
2026-08-10,Beras IR. II (IR 64) Ramos,Rata-rata DKI Jakarta,14637
2026-08-10,Beras IR. III (IR 64),Rata-rata DKI Jakarta,13899
2026-08-10,Beras Muncul I,Rata-rata DKI Jakarta,15488
2026-08-10,Beras IR 42/Pera,Rata-rata DKI Jakarta,16148
2026-08-10,Beras Setra I/Premium,Rata-rata DKI Jakarta,16842
2026-08-10,Minyak Goreng (Kuning/Curah),Rata-rata DKI Jakarta,21653
2026-08-10,Cabe Merah Keriting,Rata-rata DKI Jakarta,48621
2026-08-10,Cabe Merah Besar (TW),Rata-rata DKI Jakarta,50800
2026-08-10,Cabe Rawit Merah,Rata-rata DKI Jakarta,58619
2026-08-10,Cabe Rawit Hijau,Rata-rata DKI Jakarta,55009
2026-08-10,Bawang Merah,Rata-rata DKI Jakarta,43977
2026-08-10,Bawang Putih,Rata-rata DKI Jakarta,42951
2026-08-10,Daging Sapi Has (Paha Belakang),Rata-rata DKI Jakarta,153917
2026-08-10,Daging Sapi Murni (Semur),Rata-rata DKI Jakarta,147976
2026-08-10,Ayam Broiler/Ras,Rata-rata DKI Jakarta,43001
2026-08-10,Telur Ayam Ras,Rata-rata DKI Jakarta,26500
2026-08-10,Gula Pasir,Rata-rata DKI Jakarta,18674
2026-08-10,Tepung Terigu,Rata-rata DKI Jakarta,11447
2026-08-10,Garam Dapur,Rata-rata DKI Jakarta,4732
2026-08-10,Kentang (sedang),Rata-rata DKI Jakarta,19441
2026-08-10,Tomat Buah,Rata-rata DKI Jakarta,17621
2026-08-10,Kelapa Kupas,Rata-rata DKI Jakarta,14643
2026-08-10,Semangka,Rata-rata DKI Jakarta,12325
2026-08-10,Jeruk Medan,Rata-rata DKI Jakarta,31417
2026-08-10,Daging Kambing,Rata-rata DKI Jakarta,152500
2026-08-10,Daging Babi Berlemak,Rata-rata DKI Jakarta,100875
2026-08-10,Ikan Bandeng (sedang),Rata-rata DKI Jakarta,46019
2026-08-10,Ikan Mas,Rata-rata DKI Jakarta,41560
2026-08-10,Ikan Lele,Rata-rata DKI Jakarta,30673
2026-08-10,Gas Elpiji 3kg,Rata-rata DKI Jakarta,20667
2026-08-10,Susu Bubuk Bendera 400gr,Rata-rata DKI Jakarta,45000
2026-08-10,Susu Bubuk Dancow 400gr,Rata-rata DKI Jakarta,51250
2026-08-10,Susu Kental Bendera 200gr,Rata-rata DKI Jakarta,13236
2026-08-10,Susu Kental Enak 200gr,Rata-rata DKI Jakarta,11600
2026-08-10,Margarin Blueband Cup,Rata-rata DKI Jakarta,17740
2026-08-10,Margarin Blueband Sachet,Rata-rata DKI Jakarta,10529
2026-08-10,Beras Medium,Rata-rata DKI Jakarta,14250
2026-08-10,Gula Pasir Kemasan Premium,Rata-rata DKI Jakarta,18750
2026-08-10,Minyak Goreng Kemasan Premium,Rata-rata DKI Jakarta,22800
2026-08-10,Minyak Goreng MINYAKITA,Rata-rata DKI Jakarta,17223
2026-08-10,Daging Sapi,Rata-rata DKI Jakarta,149000
2026-08-10,Cabe Rawit Ijo Besar,Rata-rata DKI Jakarta,39667
2026-08-10,Ikan Kembung,Rata-rata DKI Jakarta,49000
2026-08-10,Kacang Kedelai,Rata-rata DKI Jakarta,16417
2026-08-11,Beras IR. I (IR 64),Rata-rata DKI Jakarta,15522
2026-08-11,Beras IR. II (IR 64) Ramos,Rata-rata DKI Jakarta,14450
2026-08-11,Beras IR. III (IR 64),Rata-rata DKI Jakarta,13674
2026-08-11,Beras Muncul I,Rata-rata DKI Jakarta,15613
2026-08-11,Beras IR 42/Pera,Rata-rata DKI Jakarta,16260
2026-08-11,Beras Setra I/Premium,Rata-rata DKI Jakarta,16985
2026-08-11,Minyak Goreng (Kuning/Curah),Rata-rata DKI Jakarta,21533
2026-08-11,Cabe Merah Keriting,Rata-rata DKI Jakarta,48140
2026-08-11,Cabe Merah Besar (TW),Rata-rata DKI Jakarta,54000
2026-08-11,Cabe Rawit Merah,Rata-rata DKI Jakarta,57800
2026-08-11,Cabe Rawit Hijau,Rata-rata DKI Jakarta,54962
2026-08-11,Bawang Merah,Rata-rata DKI Jakarta,44045
2026-08-11,Bawang Putih,Rata-rata DKI Jakarta,42626
2026-08-11,Daging Sapi Has (Paha Belakang),Rata-rata DKI Jakarta,152867
2026-08-11,Daging Sapi Murni (Semur),Rata-rata DKI Jakarta,148643
2026-08-11,Ayam Broiler/Ras,Rata-rata DKI Jakarta,42986
2026-08-11,Telur Ayam Ras,Rata-rata DKI Jakarta,27333
2026-08-11,Gula Pasir,Rata-rata DKI Jakarta,18237
2026-08-11,Tepung Terigu,Rata-rata DKI Jakarta,11567
2026-08-11,Garam Dapur,Rata-rata DKI Jakarta,4542
2026-08-11,Kentang (sedang),Rata-rata DKI Jakarta,19040
2026-08-11,Tomat Buah,Rata-rata DKI Jakarta,16883
2026-08-11,Kelapa Kupas,Rata-rata DKI Jakarta,14527
2026-08-11,Semangka,Rata-rata DKI Jakarta,13993
2026-08-11,Jeruk Medan,Rata-rata DKI Jakarta,31167
2026-08-11,Daging Kambing,Rata-rata DKI Jakarta,153167
2026-08-11,Daging Babi Berlemak,Rata-rata DKI Jakarta,97125
2026-08-11,Ikan Bandeng (sedang),Rata-rata DKI Jakarta,45619
2026-08-11,Ikan Mas,Rata-rata DKI Jakarta,42503
2026-08-11,Ikan Lele,Rata-rata DKI Jakarta,30520
2026-08-11,Gas Elpiji 3kg,Rata-rata DKI Jakarta,20834
2026-08-11,Susu Bubuk Bendera 400gr,Rata-rata DKI Jakarta,34667
2026-08-11,Susu Bubuk Dancow 400gr,Rata-rata DKI Jakarta,28500
2026-08-11,Susu Kental Bendera 200gr,Rata-rata DKI Jakarta,13108
2026-08-11,Susu Kental Enak 200gr,Rata-rata DKI Jakarta,11967
2026-08-11,Margarin Blueband Cup,Rata-rata DKI Jakarta,17707
2026-08-11,Margarin Blueband Sachet,Rata-rata DKI Jakarta,10333
2026-08-11,Beras Medium,Rata-rata DKI Jakarta,13833
2026-08-11,Gula Pasir Kemasan Premium,Rata-rata DKI Jakarta,18967
2026-08-11,Minyak Goreng Kemasan Premium,Rata-rata DKI Jakarta,22500
2026-08-11,Minyak Goreng MINYAKITA,Rata-rata DKI Jakarta,17843
2026-08-11,Daging Sapi,Rata-rata DKI Jakarta,145000
2026-08-11,Cabe Rawit Ijo Besar,Rata-rata DKI Jakarta,38500
2026-08-11,Ikan Kembung,Rata-rata DKI Jakarta,49333
2026-08-11,Kacang Kedelai,Rata-rata DKI Jakarta,16542
2026-08-13,Beras IR. I (IR 64),Rata-rata DKI Jakarta,15487
2026-08-13,Beras IR. II (IR 64) Ramos,Rata-rata DKI Jakarta,14717
2026-08-13,Beras IR. III (IR 64),Rata-rata DKI Jakarta,13792
2026-08-13,Beras Muncul I,Rata-rata DKI Jakarta,15458
2026-08-13,Beras IR 42/Pera,Rata-rata DKI Jakarta,16020
2026-08-13,Beras Setra I/Premium,Rata-rata DKI Jakarta,17140
2026-08-13,Minyak Goreng (Kuning/Curah),Rata-rata DKI Jakarta,21280
2026-08-13,Cabe Merah Keriting,Rata-rata DKI Jakarta,46527
2026-08-13,Cabe Merah Besar (TW),Rata-rata DKI Jakarta,51617
2026-08-13,Cabe Rawit Merah,Rata-rata DKI Jakarta,57302
2026-08-13,Cabe Rawit Hijau,Rata-rata DKI Jakarta,53714
2026-08-13,Bawang Merah,Rata-rata DKI Jakarta,41969
2026-08-13,Bawang Putih,Rata-rata DKI Jakarta,42449
2026-08-13,Daging Sapi Has (Paha Belakang),Rata-rata DKI Jakarta,152000
2026-08-13,Daging Sapi Murni (Semur),Rata-rata DKI Jakarta,147643
2026-08-13,Ayam Broiler/Ras,Rata-rata DKI Jakarta,42217
2026-08-13,Telur Ayam Ras,Rata-rata DKI Jakarta,26218
2026-08-13,Gula Pasir,Rata-rata DKI Jakarta,18622
2026-08-13,Tepung Terigu,Rata-rata DKI Jakarta,11697
2026-08-13,Garam Dapur,Rata-rata DKI Jakarta,4870
2026-08-13,Kentang (sedang),Rata-rata DKI Jakarta,19546
2026-08-13,Tomat Buah,Rata-rata DKI Jakarta,17445
2026-08-13,Kelapa Kupas,Rata-rata DKI Jakarta,14487
2026-08-13,Semangka,Rata-rata DKI Jakarta,13658
2026-08-13,Jeruk Medan,Rata-rata DKI Jakarta,31483
2026-08-13,Daging Kambing,Rata-rata DKI Jakarta,152000
2026-08-13,Daging Babi Berlemak,Rata-rata DKI Jakarta,100875
2026-08-13,Ikan Bandeng (sedang),Rata-rata DKI Jakarta,46452
2026-08-13,Ikan Mas,Rata-rata DKI Jakarta,41290
2026-08-13,Ikan Lele,Rata-rata DKI Jakarta,30833
2026-08-13,Gas Elpiji 3kg,Rata-rata DKI Jakarta,20700
2026-08-13,Susu Bubuk Bendera 400gr,Rata-rata DKI Jakarta,46000
2026-08-13,Susu Bubuk Dancow 400gr,Rata-rata DKI Jakarta,57000
2026-08-13,Susu Kental Bendera 200gr,Rata-rata DKI Jakarta,13269
2026-08-13,Susu Kental Enak 200gr,Rata-rata DKI Jakarta,11527
2026-08-13,Margarin Blueband Cup,Rata-rata DKI Jakarta,17900
2026-08-13,Margarin Blueband Sachet,Rata-rata DKI Jakarta,10595
2026-08-13,Beras Medium,Rata-rata DKI Jakarta,13375
2026-08-13,Gula Pasir Kemasan Premium,Rata-rata DKI Jakarta,18833
2026-08-13,Minyak Goreng Kemasan Premium,Rata-rata DKI Jakarta,22867
2026-08-13,Minyak Goreng MINYAKITA,Rata-rata DKI Jakarta,16693
2026-08-13,Daging Sapi,Rata-rata DKI Jakarta,145000
2026-08-13,Cabe Rawit Ijo Besar,Rata-rata DKI Jakarta,38167
2026-08-13,Ikan Kembung,Rata-rata DKI Jakarta,51700
2026-08-13,Kacang Kedelai,Rata-rata DKI Jakarta,19542
2026-08-14,Beras IR. I (IR 64),Rata-rata DKI Jakarta,15505
2026-08-14,Beras IR. II (IR 64) Ramos,Rata-rata DKI Jakarta,14567
2026-08-14,Beras IR. III (IR 64),Rata-rata DKI Jakarta,13807
2026-08-14,Beras Muncul I,Rata-rata DKI Jakarta,15363
2026-08-14,Beras IR 42/Pera,Rata-rata DKI Jakarta,16141
2026-08-14,Beras Setra I/Premium,Rata-rata DKI Jakarta,16970
2026-08-14,Minyak Goreng (Kuning/Curah),Rata-rata DKI Jakarta,21613
2026-08-14,Cabe Merah Keriting,Rata-rata DKI Jakarta,46173
2026-08-14,Cabe Merah Besar (TW),Rata-rata DKI Jakarta,50567
2026-08-14,Cabe Rawit Merah,Rata-rata DKI Jakarta,57231
2026-08-14,Cabe Rawit Hijau,Rata-rata DKI Jakarta,53821
2026-08-14,Bawang Merah,Rata-rata DKI Jakarta,43119
2026-08-14,Bawang Putih,Rata-rata DKI Jakarta,42311
2026-08-14,Daging Sapi Has (Paha Belakang),Rata-rata DKI Jakarta,153833
2026-08-14,Daging Sapi Murni (Semur),Rata-rata DKI Jakarta,148893
2026-08-14,Ayam Broiler/Ras,Rata-rata DKI Jakarta,43320
2026-08-14,Telur Ayam Ras,Rata-rata DKI Jakarta,26204
2026-08-14,Gula Pasir,Rata-rata DKI Jakarta,18754
2026-08-14,Tepung Terigu,Rata-rata DKI Jakarta,11427
2026-08-14,Garam Dapur,Rata-rata DKI Jakarta,4752
2026-08-14,Kentang (sedang),Rata-rata DKI Jakarta,19326
2026-08-14,Tomat Buah,Rata-rata DKI Jakarta,15881
2026-08-14,Kelapa Kupas,Rata-rata DKI Jakarta,14533
2026-08-14,Semangka,Rata-rata DKI Jakarta,13993
2026-08-14,Jeruk Medan,Rata-rata DKI Jakarta,31633
2026-08-14,Daging Kambing,Rata-rata DKI Jakarta,153167
2026-08-14,Daging Babi Berlemak,Rata-rata DKI Jakarta,100875
2026-08-14,Ikan Bandeng (sedang),Rata-rata DKI Jakarta,46119
2026-08-14,Ikan Mas,Rata-rata DKI Jakarta,41607
2026-08-14,Ikan Lele,Rata-rata DKI Jakarta,30840
2026-08-14,Gas Elpiji 3kg,Rata-rata DKI Jakarta,20667
2026-08-14,Susu Bubuk Bendera 400gr,Rata-rata DKI Jakarta,45000
2026-08-14,Susu Bubuk Dancow 400gr,Rata-rata DKI Jakarta,51667
2026-08-14,Susu Kental Bendera 200gr,Rata-rata DKI Jakarta,13311
2026-08-14,Susu Kental Enak 200gr,Rata-rata DKI Jakarta,11600
2026-08-14,Margarin Blueband Cup,Rata-rata DKI Jakarta,17923
2026-08-14,Margarin Blueband Sachet,Rata-rata DKI Jakarta,10459
2026-08-14,Beras Medium,Rata-rata DKI Jakarta,13750
2026-08-14,Gula Pasir Kemasan Premium,Rata-rata DKI Jakarta,18883
2026-08-14,Minyak Goreng Kemasan Premium,Rata-rata DKI Jakarta,22833
2026-08-14,Minyak Goreng MINYAKITA,Rata-rata DKI Jakarta,17223
2026-08-14,Daging Sapi,Rata-rata DKI Jakarta,149000
2026-08-14,Cabe Rawit Ijo Besar,Rata-rata DKI Jakarta,37833
2026-08-14,Ikan Kembung,Rata-rata DKI Jakarta,49667
2026-08-14,Kacang Kedelai,Rata-rata DKI Jakarta,17417
2026-08-15,Beras IR. I (IR 64),Rata-rata DKI Jakarta,15363
2026-08-15,Beras IR. II (IR 64) Ramos,Rata-rata DKI Jakarta,14129
2026-08-15,Beras IR. III (IR 64),Rata-rata DKI Jakarta,13365
2026-08-15,Beras Muncul I,Rata-rata DKI Jakarta,15584
2026-08-15,Beras IR 42/Pera,Rata-rata DKI Jakarta,15433
2026-08-15,Beras Setra I/Premium,Rata-rata DKI Jakarta,16417
2026-08-15,Minyak Goreng (Kuning/Curah),Rata-rata DKI Jakarta,21629
2026-08-15,Cabe Merah Keriting,Rata-rata DKI Jakarta,44500
2026-08-15,Cabe Merah Besar (TW),Rata-rata DKI Jakarta,48958
2026-08-15,Cabe Rawit Merah,Rata-rata DKI Jakarta,52833
2026-08-15,Cabe Rawit Hijau,Rata-rata DKI Jakarta,51433
2026-08-15,Bawang Merah,Rata-rata DKI Jakarta,44000
2026-08-15,Bawang Putih,Rata-rata DKI Jakarta,43067
2026-08-15,Daging Sapi Has (Paha Belakang),Rata-rata DKI Jakarta,148125
2026-08-15,Daging Sapi Murni (Semur),Rata-rata DKI Jakarta,145375
2026-08-15,Ayam Broiler/Ras,Rata-rata DKI Jakarta,40650
2026-08-15,Telur Ayam Ras,Rata-rata DKI Jakarta,25917
2026-08-15,Gula Pasir,Rata-rata DKI Jakarta,18783
2026-08-15,Tepung Terigu,Rata-rata DKI Jakarta,11582
2026-08-15,Garam Dapur,Rata-rata DKI Jakarta,5561
2026-08-15,Kentang (sedang),Rata-rata DKI Jakarta,19351
2026-08-15,Tomat Buah,Rata-rata DKI Jakarta,16317
2026-08-15,Kelapa Kupas,Rata-rata DKI Jakarta,13992
2026-08-15,Semangka,Rata-rata DKI Jakarta,11945
2026-08-15,Jeruk Medan,Rata-rata DKI Jakarta,28542
2026-08-15,Daging Kambing,Rata-rata DKI Jakarta,154167
2026-08-15,Daging Babi Berlemak,Rata-rata DKI Jakarta,106667
2026-08-15,Ikan Bandeng (sedang),Rata-rata DKI Jakarta,41667
2026-08-15,Ikan Mas,Rata-rata DKI Jakarta,39311
2026-08-15,Ikan Lele,Rata-rata DKI Jakarta,30222
2026-08-15,Gas Elpiji 3kg,Rata-rata DKI Jakarta,21000
2026-08-15,Susu Bubuk Bendera 400gr,Rata-rata DKI Jakarta,13000
2026-08-15,Susu Bubuk Dancow 400gr,Rata-rata DKI Jakarta,45000
2026-08-15,Susu Kental Bendera 200gr,Rata-rata DKI Jakarta,12958
2026-08-15,Susu Kental Enak 200gr,Rata-rata DKI Jakarta,11750
2026-08-15,Margarin Blueband Cup,Rata-rata DKI Jakarta,18292
2026-08-15,Margarin Blueband Sachet,Rata-rata DKI Jakarta,10050
2026-08-15,Beras Medium,Rata-rata DKI Jakarta,14000
2026-08-15,Gula Pasir Kemasan Premium,Rata-rata DKI Jakarta,18667
2026-08-15,Minyak Goreng Kemasan Premium,Rata-rata DKI Jakarta,22333
2026-08-15,Minyak Goreng MINYAKITA,Rata-rata DKI Jakarta,16917
2026-08-15,Daging Sapi,Rata-rata DKI Jakarta,150000
2026-08-15,Cabe Rawit Ijo Besar,Rata-rata DKI Jakarta,35833
2026-08-15,Ikan Kembung,Rata-rata DKI Jakarta,46667
2026-08-15,Kacang Kedelai,Rata-rata DKI Jakarta,16250
2026-08-16,Beras IR. I (IR 64),Rata-rata DKI Jakarta,15605
2026-08-16,Beras IR. II (IR 64) Ramos,Rata-rata DKI Jakarta,14534
2026-08-16,Beras IR. III (IR 64),Rata-rata DKI Jakarta,13879
2026-08-16,Beras Muncul I,Rata-rata DKI Jakarta,15692
2026-08-16,Beras IR 42/Pera,Rata-rata DKI Jakarta,16441
2026-08-16,Beras Setra I/Premium,Rata-rata DKI Jakarta,17070
2026-08-16,Minyak Goreng (Kuning/Curah),Rata-rata DKI Jakarta,21640
2026-08-16,Cabe Merah Keriting,Rata-rata DKI Jakarta,46026
2026-08-16,Cabe Merah Besar (TW),Rata-rata DKI Jakarta,50817
2026-08-16,Cabe Rawit Merah,Rata-rata DKI Jakarta,57034
2026-08-16,Cabe Rawit Hijau,Rata-rata DKI Jakarta,52791
2026-08-16,Bawang Merah,Rata-rata DKI Jakarta,42219
2026-08-16,Bawang Putih,Rata-rata DKI Jakarta,42978
2026-08-16,Daging Sapi Has (Paha Belakang),Rata-rata DKI Jakarta,150500
2026-08-16,Daging Sapi Murni (Semur),Rata-rata DKI Jakarta,147993
2026-08-16,Ayam Broiler/Ras,Rata-rata DKI Jakarta,42329
2026-08-16,Telur Ayam Ras,Rata-rata DKI Jakarta,26349
2026-08-16,Gula Pasir,Rata-rata DKI Jakarta,18745
2026-08-16,Tepung Terigu,Rata-rata DKI Jakarta,11477
2026-08-16,Garam Dapur,Rata-rata DKI Jakarta,4810
2026-08-16,Kentang (sedang),Rata-rata DKI Jakarta,19416
2026-08-16,Tomat Buah,Rata-rata DKI Jakarta,16796
2026-08-16,Kelapa Kupas,Rata-rata DKI Jakarta,14633
2026-08-16,Semangka,Rata-rata DKI Jakarta,13793
2026-08-16,Jeruk Medan,Rata-rata DKI Jakarta,31833
2026-08-16,Daging Kambing,Rata-rata DKI Jakarta,153250
2026-08-16,Daging Babi Berlemak,Rata-rata DKI Jakarta,107833
2026-08-16,Ikan Bandeng (sedang),Rata-rata DKI Jakarta,43262
2026-08-16,Ikan Mas,Rata-rata DKI Jakarta,41723
2026-08-16,Ikan Lele,Rata-rata DKI Jakarta,30640
2026-08-16,Gas Elpiji 3kg,Rata-rata DKI Jakarta,20533
2026-08-16,Susu Bubuk Bendera 400gr,Rata-rata DKI Jakarta,13000
2026-08-16,Susu Bubuk Dancow 400gr,Rata-rata DKI Jakarta,55000
2026-08-16,Susu Kental Bendera 200gr,Rata-rata DKI Jakarta,16319
2026-08-16,Susu Kental Enak 200gr,Rata-rata DKI Jakarta,11900
2026-08-16,Margarin Blueband Cup,Rata-rata DKI Jakarta,17947
2026-08-16,Margarin Blueband Sachet,Rata-rata DKI Jakarta,10592
2026-08-16,Beras Medium,Rata-rata DKI Jakarta,14000
2026-08-16,Gula Pasir Kemasan Premium,Rata-rata DKI Jakarta,18854
2026-08-16,Minyak Goreng Kemasan Premium,Rata-rata DKI Jakarta,23042
2026-08-16,Minyak Goreng MINYAKITA,Rata-rata DKI Jakarta,17604
2026-08-16,Daging Sapi,Rata-rata DKI Jakarta,149583
2026-08-16,Cabe Rawit Ijo Besar,Rata-rata DKI Jakarta,39792
2026-08-16,Ikan Kembung,Rata-rata DKI Jakarta,48333
2026-08-16,Kacang Kedelai,Rata-rata DKI Jakarta,18167
2026-08-17,Beras IR. I (IR 64),Rata-rata DKI Jakarta,15762
2026-08-17,Beras IR. II (IR 64) Ramos,Rata-rata DKI Jakarta,14603
2026-08-17,Beras IR. III (IR 64),Rata-rata DKI Jakarta,13917
2026-08-17,Beras Muncul I,Rata-rata DKI Jakarta,15778
2026-08-17,Beras IR 42/Pera,Rata-rata DKI Jakarta,16570
2026-08-17,Beras Setra I/Premium,Rata-rata DKI Jakarta,16975
2026-08-17,Minyak Goreng (Kuning/Curah),Rata-rata DKI Jakarta,21530
2026-08-17,Cabe Merah Keriting,Rata-rata DKI Jakarta,46867
2026-08-17,Cabe Merah Besar (TW),Rata-rata DKI Jakarta,50250
2026-08-17,Cabe Rawit Merah,Rata-rata DKI Jakarta,57567
2026-08-17,Cabe Rawit Hijau,Rata-rata DKI Jakarta,54859
2026-08-17,Bawang Merah,Rata-rata DKI Jakarta,42029
2026-08-17,Bawang Putih,Rata-rata DKI Jakarta,42558
2026-08-17,Daging Sapi Has (Paha Belakang),Rata-rata DKI Jakarta,152333
2026-08-17,Daging Sapi Murni (Semur),Rata-rata DKI Jakarta,146809
2026-08-17,Ayam Broiler/Ras,Rata-rata DKI Jakarta,44245
2026-08-17,Telur Ayam Ras,Rata-rata DKI Jakarta,26053
2026-08-17,Gula Pasir,Rata-rata DKI Jakarta,18489
2026-08-17,Tepung Terigu,Rata-rata DKI Jakarta,11390
2026-08-17,Garam Dapur,Rata-rata DKI Jakarta,4573
2026-08-17,Kentang (sedang),Rata-rata DKI Jakarta,19393
2026-08-17,Tomat Buah,Rata-rata DKI Jakarta,16499
2026-08-17,Kelapa Kupas,Rata-rata DKI Jakarta,14577
2026-08-17,Semangka,Rata-rata DKI Jakarta,13742
2026-08-17,Jeruk Medan,Rata-rata DKI Jakarta,29650
2026-08-17,Daging Kambing,Rata-rata DKI Jakarta,152833
2026-08-17,Daging Babi Berlemak,Rata-rata DKI Jakarta,102833
2026-08-17,Ikan Bandeng (sedang),Rata-rata DKI Jakarta,42712
2026-08-17,Ikan Mas,Rata-rata DKI Jakarta,43320
2026-08-17,Ikan Lele,Rata-rata DKI Jakarta,30600
2026-08-17,Gas Elpiji 3kg,Rata-rata DKI Jakarta,20500
2026-08-17,Susu Bubuk Bendera 400gr,Rata-rata DKI Jakarta,45000
2026-08-17,Susu Bubuk Dancow 400gr,Rata-rata DKI Jakarta,45000
2026-08-17,Susu Kental Bendera 200gr,Rata-rata DKI Jakarta,12959
2026-08-17,Susu Kental Enak 200gr,Rata-rata DKI Jakarta,11767
2026-08-17,Margarin Blueband Cup,Rata-rata DKI Jakarta,17867
2026-08-17,Margarin Blueband Sachet,Rata-rata DKI Jakarta,10362
2026-08-17,Beras Medium,Rata-rata DKI Jakarta,14000
2026-08-17,Gula Pasir Kemasan Premium,Rata-rata DKI Jakarta,18938
2026-08-17,Minyak Goreng Kemasan Premium,Rata-rata DKI Jakarta,22500
2026-08-17,Minyak Goreng MINYAKITA,Rata-rata DKI Jakarta,17342
2026-08-17,Daging Sapi,Rata-rata DKI Jakarta,150000
2026-08-17,Cabe Rawit Ijo Besar,Rata-rata DKI Jakarta,37125
2026-08-17,Ikan Kembung,Rata-rata DKI Jakarta,47083
2026-08-17,Kacang Kedelai,Rata-rata DKI Jakarta,19222
2026-08-18,Beras IR. I (IR 64),Rata-rata DKI Jakarta,15575
2026-08-18,Beras IR. II (IR 64) Ramos,Rata-rata DKI Jakarta,14620
2026-08-18,Beras IR. III (IR 64),Rata-rata DKI Jakarta,13910
2026-08-18,Beras Muncul I,Rata-rata DKI Jakarta,15300
2026-08-18,Beras IR 42/Pera,Rata-rata DKI Jakarta,16065
2026-08-18,Beras Setra I/Premium,Rata-rata DKI Jakarta,17020
2026-08-18,Minyak Goreng (Kuning/Curah),Rata-rata DKI Jakarta,21900
2026-08-18,Cabe Merah Keriting,Rata-rata DKI Jakarta,45840
2026-08-18,Cabe Merah Besar (TW),Rata-rata DKI Jakarta,51083
2026-08-18,Cabe Rawit Merah,Rata-rata DKI Jakarta,58120
2026-08-18,Cabe Rawit Hijau,Rata-rata DKI Jakarta,54587
2026-08-18,Bawang Merah,Rata-rata DKI Jakarta,42673
2026-08-18,Bawang Putih,Rata-rata DKI Jakarta,42100
2026-08-18,Daging Sapi Has (Paha Belakang),Rata-rata DKI Jakarta,154567
2026-08-18,Daging Sapi Murni (Semur),Rata-rata DKI Jakarta,147750
2026-08-18,Ayam Broiler/Ras,Rata-rata DKI Jakarta,43460
2026-08-18,Telur Ayam Ras,Rata-rata DKI Jakarta,26280
2026-08-18,Gula Pasir,Rata-rata DKI Jakarta,18800
2026-08-18,Tepung Terigu,Rata-rata DKI Jakarta,11647
2026-08-18,Garam Dapur,Rata-rata DKI Jakarta,4933
2026-08-18,Kentang (sedang),Rata-rata DKI Jakarta,19520
2026-08-18,Tomat Buah,Rata-rata DKI Jakarta,17077
2026-08-18,Kelapa Kupas,Rata-rata DKI Jakarta,14560
2026-08-18,Semangka,Rata-rata DKI Jakarta,13587
2026-08-18,Jeruk Medan,Rata-rata DKI Jakarta,31083
2026-08-18,Daging Kambing,Rata-rata DKI Jakarta,152833
2026-08-18,Daging Babi Berlemak,Rata-rata DKI Jakarta,103125
2026-08-18,Ikan Bandeng (sedang),Rata-rata DKI Jakarta,47300
2026-08-18,Ikan Mas,Rata-rata DKI Jakarta,41310
2026-08-18,Ikan Lele,Rata-rata DKI Jakarta,30740
2026-08-18,Gas Elpiji 3kg,Rata-rata DKI Jakarta,20833
2026-08-18,Susu Bubuk Bendera 400gr,Rata-rata DKI Jakarta,45000
2026-08-18,Susu Bubuk Dancow 400gr,Rata-rata DKI Jakarta,51667
2026-08-18,Susu Kental Bendera 200gr,Rata-rata DKI Jakarta,13307
2026-08-18,Susu Kental Enak 200gr,Rata-rata DKI Jakarta,11733
2026-08-18,Margarin Blueband Cup,Rata-rata DKI Jakarta,17663
2026-08-18,Margarin Blueband Sachet,Rata-rata DKI Jakarta,10497
2026-08-18,Beras Medium,Rata-rata DKI Jakarta,13750
2026-08-18,Gula Pasir Kemasan Premium,Rata-rata DKI Jakarta,18950
2026-08-18,Minyak Goreng Kemasan Premium,Rata-rata DKI Jakarta,23033
2026-08-18,Minyak Goreng MINYAKITA,Rata-rata DKI Jakarta,17400
2026-08-18,Daging Sapi,Rata-rata DKI Jakarta,122000
2026-08-18,Cabe Rawit Ijo Besar,Rata-rata DKI Jakarta,38467
2026-08-18,Ikan Kembung,Rata-rata DKI Jakarta,49500
2026-08-18,Kacang Kedelai,Rata-rata DKI Jakarta,17750
2026-08-20,Beras IR. I (IR 64),Rata-rata DKI Jakarta,15657
2026-08-20,Beras IR. II (IR 64) Ramos,Rata-rata DKI Jakarta,14696
2026-08-20,Beras IR. III (IR 64),Rata-rata DKI Jakarta,13909
2026-08-20,Beras Muncul I,Rata-rata DKI Jakarta,15352
2026-08-20,Beras IR 42/Pera,Rata-rata DKI Jakarta,16174
2026-08-20,Beras Setra I/Premium,Rata-rata DKI Jakarta,17237
2026-08-20,Minyak Goreng (Kuning/Curah),Rata-rata DKI Jakarta,21371
2026-08-20,Cabe Merah Keriting,Rata-rata DKI Jakarta,47376
2026-08-20,Cabe Merah Besar (TW),Rata-rata DKI Jakarta,52483
2026-08-20,Cabe Rawit Merah,Rata-rata DKI Jakarta,58529
2026-08-20,Cabe Rawit Hijau,Rata-rata DKI Jakarta,54300
2026-08-20,Bawang Merah,Rata-rata DKI Jakarta,42781
2026-08-20,Bawang Putih,Rata-rata DKI Jakarta,42552
2026-08-20,Daging Sapi Has (Paha Belakang),Rata-rata DKI Jakarta,151800
2026-08-20,Daging Sapi Murni (Semur),Rata-rata DKI Jakarta,147743
2026-08-20,Ayam Broiler/Ras,Rata-rata DKI Jakarta,42556
2026-08-20,Telur Ayam Ras,Rata-rata DKI Jakarta,26161
2026-08-20,Gula Pasir,Rata-rata DKI Jakarta,18553
2026-08-20,Tepung Terigu,Rata-rata DKI Jakarta,11610
2026-08-20,Garam Dapur,Rata-rata DKI Jakarta,4746
2026-08-20,Kentang (sedang),Rata-rata DKI Jakarta,19383
2026-08-20,Tomat Buah,Rata-rata DKI Jakarta,16500
2026-08-20,Kelapa Kupas,Rata-rata DKI Jakarta,14393
2026-08-20,Semangka,Rata-rata DKI Jakarta,13733
2026-08-20,Jeruk Medan,Rata-rata DKI Jakarta,32000
2026-08-20,Daging Kambing,Rata-rata DKI Jakarta,152567
2026-08-20,Daging Babi Berlemak,Rata-rata DKI Jakarta,100625
2026-08-20,Ikan Bandeng (sedang),Rata-rata DKI Jakarta,46786
2026-08-20,Ikan Mas,Rata-rata DKI Jakarta,40973
2026-08-20,Ikan Lele,Rata-rata DKI Jakarta,30940
2026-08-20,Gas Elpiji 3kg,Rata-rata DKI Jakarta,20733
2026-08-20,Susu Bubuk Bendera 400gr,Rata-rata DKI Jakarta,46000
2026-08-20,Susu Bubuk Dancow 400gr,Rata-rata DKI Jakarta,57000
2026-08-20,Susu Kental Bendera 200gr,Rata-rata DKI Jakarta,13286
2026-08-20,Susu Kental Enak 200gr,Rata-rata DKI Jakarta,11567
2026-08-20,Margarin Blueband Cup,Rata-rata DKI Jakarta,17570
2026-08-20,Margarin Blueband Sachet,Rata-rata DKI Jakarta,10509
2026-08-20,Beras Medium,Rata-rata DKI Jakarta,13625
2026-08-20,Gula Pasir Kemasan Premium,Rata-rata DKI Jakarta,18817
2026-08-20,Minyak Goreng Kemasan Premium,Rata-rata DKI Jakarta,23000
2026-08-20,Minyak Goreng MINYAKITA,Rata-rata DKI Jakarta,16870
2026-08-20,Daging Sapi,Rata-rata DKI Jakarta,143333
2026-08-20,Cabe Rawit Ijo Besar,Rata-rata DKI Jakarta,39500
2026-08-20,Ikan Kembung,Rata-rata DKI Jakarta,50467
2026-08-20,Kacang Kedelai,Rata-rata DKI Jakarta,18033
2026-08-21,Beras IR. I (IR 64),Rata-rata DKI Jakarta,15587
2026-08-21,Beras IR. II (IR 64) Ramos,Rata-rata DKI Jakarta,14562
2026-08-21,Beras IR. III (IR 64),Rata-rata DKI Jakarta,13842
2026-08-21,Beras Muncul I,Rata-rata DKI Jakarta,15000
2026-08-21,Beras IR 42/Pera,Rata-rata DKI Jakarta,16012
2026-08-21,Beras Setra I/Premium,Rata-rata DKI Jakarta,17085
2026-08-21,Minyak Goreng (Kuning/Curah),Rata-rata DKI Jakarta,21317
2026-08-21,Cabe Merah Keriting,Rata-rata DKI Jakarta,47345
2026-08-21,Cabe Merah Besar (TW),Rata-rata DKI Jakarta,51917
2026-08-21,Cabe Rawit Merah,Rata-rata DKI Jakarta,60824
2026-08-21,Cabe Rawit Hijau,Rata-rata DKI Jakarta,54343
2026-08-21,Bawang Merah,Rata-rata DKI Jakarta,41748
2026-08-21,Bawang Putih,Rata-rata DKI Jakarta,42832
2026-08-21,Daging Sapi Has (Paha Belakang),Rata-rata DKI Jakarta,153000
2026-08-21,Daging Sapi Murni (Semur),Rata-rata DKI Jakarta,147643
2026-08-21,Ayam Broiler/Ras,Rata-rata DKI Jakarta,42438
2026-08-21,Telur Ayam Ras,Rata-rata DKI Jakarta,25954
2026-08-21,Gula Pasir,Rata-rata DKI Jakarta,18719
2026-08-21,Tepung Terigu,Rata-rata DKI Jakarta,11590
2026-08-21,Garam Dapur,Rata-rata DKI Jakarta,4823
2026-08-21,Kentang (sedang),Rata-rata DKI Jakarta,19554
2026-08-21,Tomat Buah,Rata-rata DKI Jakarta,16298
2026-08-21,Kelapa Kupas,Rata-rata DKI Jakarta,14693
2026-08-21,Semangka,Rata-rata DKI Jakarta,13792
2026-08-21,Jeruk Medan,Rata-rata DKI Jakarta,31650
2026-08-21,Daging Kambing,Rata-rata DKI Jakarta,152000
2026-08-21,Daging Babi Berlemak,Rata-rata DKI Jakarta,100625
2026-08-21,Ikan Bandeng (sedang),Rata-rata DKI Jakarta,46662
2026-08-21,Ikan Mas,Rata-rata DKI Jakarta,41153
2026-08-21,Ikan Lele,Rata-rata DKI Jakarta,31000
2026-08-21,Gas Elpiji 3kg,Rata-rata DKI Jakarta,20800
2026-08-21,Susu Bubuk Bendera 400gr,Rata-rata DKI Jakarta,46000
2026-08-21,Susu Bubuk Dancow 400gr,Rata-rata DKI Jakarta,55000
2026-08-21,Susu Kental Bendera 200gr,Rata-rata DKI Jakarta,13293
2026-08-21,Susu Kental Enak 200gr,Rata-rata DKI Jakarta,11567
2026-08-21,Margarin Blueband Cup,Rata-rata DKI Jakarta,17633
2026-08-21,Margarin Blueband Sachet,Rata-rata DKI Jakarta,10479
2026-08-21,Beras Medium,Rata-rata DKI Jakarta,13750
2026-08-21,Gula Pasir Kemasan Premium,Rata-rata DKI Jakarta,18850
2026-08-21,Minyak Goreng Kemasan Premium,Rata-rata DKI Jakarta,23100
2026-08-21,Minyak Goreng MINYAKITA,Rata-rata DKI Jakarta,17190
2026-08-21,Daging Sapi,Rata-rata DKI Jakarta,148750
2026-08-21,Cabe Rawit Ijo Besar,Rata-rata DKI Jakarta,40300
2026-08-21,Ikan Kembung,Rata-rata DKI Jakarta,50500
2026-08-21,Kacang Kedelai,Rata-rata DKI Jakarta,17750
2026-08-22,Beras IR. I (IR 64),Rata-rata DKI Jakarta,15478
2026-08-22,Beras IR. II (IR 64) Ramos,Rata-rata DKI Jakarta,14208
2026-08-22,Beras IR. III (IR 64),Rata-rata DKI Jakarta,13713
2026-08-22,Beras Muncul I,Rata-rata DKI Jakarta,15583
2026-08-22,Beras IR 42/Pera,Rata-rata DKI Jakarta,16133
2026-08-22,Beras Setra I/Premium,Rata-rata DKI Jakarta,16704
2026-08-22,Minyak Goreng (Kuning/Curah),Rata-rata DKI Jakarta,21333
2026-08-22,Cabe Merah Keriting,Rata-rata DKI Jakarta,46767
2026-08-22,Cabe Merah Besar (TW),Rata-rata DKI Jakarta,53167
2026-08-22,Cabe Rawit Merah,Rata-rata DKI Jakarta,59700
2026-08-22,Cabe Rawit Hijau,Rata-rata DKI Jakarta,55286
2026-08-22,Bawang Merah,Rata-rata DKI Jakarta,42655
2026-08-22,Bawang Putih,Rata-rata DKI Jakarta,42829
2026-08-22,Daging Sapi Has (Paha Belakang),Rata-rata DKI Jakarta,149833
2026-08-22,Daging Sapi Murni (Semur),Rata-rata DKI Jakarta,146600
2026-08-22,Ayam Broiler/Ras,Rata-rata DKI Jakarta,43521
2026-08-22,Telur Ayam Ras,Rata-rata DKI Jakarta,25864
2026-08-22,Gula Pasir,Rata-rata DKI Jakarta,18729
2026-08-22,Tepung Terigu,Rata-rata DKI Jakarta,11883
2026-08-22,Garam Dapur,Rata-rata DKI Jakarta,5683
2026-08-22,Kentang (sedang),Rata-rata DKI Jakarta,19498
2026-08-22,Tomat Buah,Rata-rata DKI Jakarta,16838
2026-08-22,Kelapa Kupas,Rata-rata DKI Jakarta,14983
2026-08-22,Semangka,Rata-rata DKI Jakarta,14167
2026-08-22,Jeruk Medan,Rata-rata DKI Jakarta,31542
2026-08-22,Daging Kambing,Rata-rata DKI Jakarta,153750
2026-08-22,Daging Babi Berlemak,Rata-rata DKI Jakarta,107778
2026-08-22,Ikan Bandeng (sedang),Rata-rata DKI Jakarta,43911
2026-08-22,Ikan Mas,Rata-rata DKI Jakarta,40108
2026-08-22,Ikan Lele,Rata-rata DKI Jakarta,31000
2026-08-22,Gas Elpiji 3kg,Rata-rata DKI Jakarta,20625
2026-08-22,Susu Bubuk Bendera 400gr,Rata-rata DKI Jakarta,46000
2026-08-22,Susu Bubuk Dancow 400gr,Rata-rata DKI Jakarta,55000
2026-08-22,Susu Kental Bendera 200gr,Rata-rata DKI Jakarta,14117
2026-08-22,Susu Kental Enak 200gr,Rata-rata DKI Jakarta,11867
2026-08-22,Margarin Blueband Cup,Rata-rata DKI Jakarta,18000
2026-08-22,Margarin Blueband Sachet,Rata-rata DKI Jakarta,10562
2026-08-22,Beras Medium,Rata-rata DKI Jakarta,14000
2026-08-22,Gula Pasir Kemasan Premium,Rata-rata DKI Jakarta,18834
2026-08-22,Minyak Goreng Kemasan Premium,Rata-rata DKI Jakarta,22625
2026-08-22,Minyak Goreng MINYAKITA,Rata-rata DKI Jakarta,17629
2026-08-22,Daging Sapi,Rata-rata DKI Jakarta,149167
2026-08-22,Cabe Rawit Ijo Besar,Rata-rata DKI Jakarta,39375
2026-08-22,Ikan Kembung,Rata-rata DKI Jakarta,53194
2026-08-22,Kacang Kedelai,Rata-rata DKI Jakarta,18556
2026-08-23,Beras IR. I (IR 64),Rata-rata DKI Jakarta,15610
2026-08-23,Beras IR. II (IR 64) Ramos,Rata-rata DKI Jakarta,14383
2026-08-23,Beras IR. III (IR 64),Rata-rata DKI Jakarta,13767
2026-08-23,Beras Muncul I,Rata-rata DKI Jakarta,15500
2026-08-23,Beras IR 42/Pera,Rata-rata DKI Jakarta,22350
2026-08-23,Beras Setra I/Premium,Rata-rata DKI Jakarta,17063
2026-08-23,Minyak Goreng (Kuning/Curah),Rata-rata DKI Jakarta,21433
2026-08-23,Cabe Merah Keriting,Rata-rata DKI Jakarta,47083
2026-08-23,Cabe Merah Besar (TW),Rata-rata DKI Jakarta,51333
2026-08-23,Cabe Rawit Merah,Rata-rata DKI Jakarta,60450
2026-08-23,Cabe Rawit Hijau,Rata-rata DKI Jakarta,52883
2026-08-23,Bawang Merah,Rata-rata DKI Jakarta,41017
2026-08-23,Bawang Putih,Rata-rata DKI Jakarta,42700
2026-08-23,Daging Sapi Has (Paha Belakang),Rata-rata DKI Jakarta,150467
2026-08-23,Daging Sapi Murni (Semur),Rata-rata DKI Jakarta,147167
2026-08-23,Ayam Broiler/Ras,Rata-rata DKI Jakarta,44500
2026-08-23,Telur Ayam Ras,Rata-rata DKI Jakarta,25567
2026-08-23,Gula Pasir,Rata-rata DKI Jakarta,18700
2026-08-23,Tepung Terigu,Rata-rata DKI Jakarta,11437
2026-08-23,Garam Dapur,Rata-rata DKI Jakarta,4867
2026-08-23,Kentang (sedang),Rata-rata DKI Jakarta,19433
2026-08-23,Tomat Buah,Rata-rata DKI Jakarta,15467
2026-08-23,Kelapa Kupas,Rata-rata DKI Jakarta,14357
2026-08-23,Semangka,Rata-rata DKI Jakarta,14533
2026-08-23,Jeruk Medan,Rata-rata DKI Jakarta,31233
2026-08-23,Daging Kambing,Rata-rata DKI Jakarta,153000
2026-08-23,Daging Babi Berlemak,Rata-rata DKI Jakarta,102778
2026-08-23,Ikan Bandeng (sedang),Rata-rata DKI Jakarta,42417
2026-08-23,Ikan Mas,Rata-rata DKI Jakarta,43267
2026-08-23,Ikan Lele,Rata-rata DKI Jakarta,30680
2026-08-23,Gas Elpiji 3kg,Rata-rata DKI Jakarta,20500
2026-08-23,Susu Bubuk Bendera 400gr,Rata-rata DKI Jakarta,46000
2026-08-23,Susu Bubuk Dancow 400gr,Rata-rata DKI Jakarta,45000
2026-08-23,Susu Kental Bendera 200gr,Rata-rata DKI Jakarta,13017
2026-08-23,Susu Kental Enak 200gr,Rata-rata DKI Jakarta,11900
2026-08-23,Margarin Blueband Cup,Rata-rata DKI Jakarta,17767
2026-08-23,Margarin Blueband Sachet,Rata-rata DKI Jakarta,10283
2026-08-23,Beras Medium,Rata-rata DKI Jakarta,14000
2026-08-23,Gula Pasir Kemasan Premium,Rata-rata DKI Jakarta,18917
2026-08-23,Minyak Goreng Kemasan Premium,Rata-rata DKI Jakarta,22125
2026-08-23,Minyak Goreng MINYAKITA,Rata-rata DKI Jakarta,17629
2026-08-23,Daging Sapi,Rata-rata DKI Jakarta,150000
2026-08-23,Cabe Rawit Ijo Besar,Rata-rata DKI Jakarta,35875
2026-08-23,Ikan Kembung,Rata-rata DKI Jakarta,49444
2026-08-23,Kacang Kedelai,Rata-rata DKI Jakarta,20334
2026-08-24,Beras IR. I (IR 64),Rata-rata DKI Jakarta,15692
2026-08-24,Beras IR. II (IR 64) Ramos,Rata-rata DKI Jakarta,14612
2026-08-24,Beras IR. III (IR 64),Rata-rata DKI Jakarta,13967
2026-08-24,Beras Muncul I,Rata-rata DKI Jakarta,15625
2026-08-24,Beras IR 42/Pera,Rata-rata DKI Jakarta,16507
2026-08-24,Beras Setra I/Premium,Rata-rata DKI Jakarta,17720
2026-08-24,Minyak Goreng (Kuning/Curah),Rata-rata DKI Jakarta,21833
2026-08-24,Cabe Merah Keriting,Rata-rata DKI Jakarta,47097
2026-08-24,Cabe Merah Besar (TW),Rata-rata DKI Jakarta,51167
2026-08-24,Cabe Rawit Merah,Rata-rata DKI Jakarta,62943
2026-08-24,Cabe Rawit Hijau,Rata-rata DKI Jakarta,55400
2026-08-24,Bawang Merah,Rata-rata DKI Jakarta,42231
2026-08-24,Bawang Putih,Rata-rata DKI Jakarta,41982
2026-08-24,Daging Sapi Has (Paha Belakang),Rata-rata DKI Jakarta,152833
2026-08-24,Daging Sapi Murni (Semur),Rata-rata DKI Jakarta,148100
2026-08-24,Ayam Broiler/Ras,Rata-rata DKI Jakarta,43888
2026-08-24,Telur Ayam Ras,Rata-rata DKI Jakarta,25607
2026-08-24,Gula Pasir,Rata-rata DKI Jakarta,18709
2026-08-24,Tepung Terigu,Rata-rata DKI Jakarta,11690
2026-08-24,Garam Dapur,Rata-rata DKI Jakarta,4533
2026-08-24,Kentang (sedang),Rata-rata DKI Jakarta,19676
2026-08-24,Tomat Buah,Rata-rata DKI Jakarta,16825
2026-08-24,Kelapa Kupas,Rata-rata DKI Jakarta,14243
2026-08-24,Semangka,Rata-rata DKI Jakarta,14583
2026-08-24,Jeruk Medan,Rata-rata DKI Jakarta,32733
2026-08-24,Daging Kambing,Rata-rata DKI Jakarta,151917
2026-08-24,Daging Babi Berlemak,Rata-rata DKI Jakarta,102500
2026-08-24,Ikan Bandeng (sedang),Rata-rata DKI Jakarta,46271
2026-08-24,Ikan Mas,Rata-rata DKI Jakarta,41647
2026-08-24,Ikan Lele,Rata-rata DKI Jakarta,30300
2026-08-24,Gas Elpiji 3kg,Rata-rata DKI Jakarta,21125
2026-08-24,Susu Bubuk Bendera 400gr,Rata-rata DKI Jakarta,46000
2026-08-24,Susu Bubuk Dancow 400gr,Rata-rata DKI Jakarta,65000
2026-08-24,Susu Kental Bendera 200gr,Rata-rata DKI Jakarta,13309
2026-08-24,Susu Kental Enak 200gr,Rata-rata DKI Jakarta,11600
2026-08-24,Margarin Blueband Cup,Rata-rata DKI Jakarta,18017
2026-08-24,Margarin Blueband Sachet,Rata-rata DKI Jakarta,10579
2026-08-24,Beras Medium,Rata-rata DKI Jakarta,13833
2026-08-24,Gula Pasir Kemasan Premium,Rata-rata DKI Jakarta,18792
2026-08-24,Minyak Goreng Kemasan Premium,Rata-rata DKI Jakarta,22875
2026-08-24,Minyak Goreng MINYAKITA,Rata-rata DKI Jakarta,17967
2026-08-24,Daging Sapi,Rata-rata DKI Jakarta,147500
2026-08-24,Cabe Rawit Ijo Besar,Rata-rata DKI Jakarta,41958
2026-08-24,Ikan Kembung,Rata-rata DKI Jakarta,53333
2026-08-24,Kacang Kedelai,Rata-rata DKI Jakarta,18417
2026-08-27,Beras IR. I (IR 64),Rata-rata DKI Jakarta,15512
2026-08-27,Beras IR. II (IR 64) Ramos,Rata-rata DKI Jakarta,14658
2026-08-27,Beras IR. III (IR 64),Rata-rata DKI Jakarta,13980
2026-08-27,Beras Muncul I,Rata-rata DKI Jakarta,15438
2026-08-27,Beras IR 42/Pera,Rata-rata DKI Jakarta,16020
2026-08-27,Beras Setra I/Premium,Rata-rata DKI Jakarta,17285
2026-08-27,Minyak Goreng (Kuning/Curah),Rata-rata DKI Jakarta,21100
2026-08-27,Cabe Merah Keriting,Rata-rata DKI Jakarta,47281
2026-08-27,Cabe Merah Besar (TW),Rata-rata DKI Jakarta,51033
2026-08-27,Cabe Rawit Merah,Rata-rata DKI Jakarta,64152
2026-08-27,Cabe Rawit Hijau,Rata-rata DKI Jakarta,54036
2026-08-27,Bawang Merah,Rata-rata DKI Jakarta,41886
2026-08-27,Bawang Putih,Rata-rata DKI Jakarta,41660
2026-08-27,Daging Sapi Has (Paha Belakang),Rata-rata DKI Jakarta,152833
2026-08-27,Daging Sapi Murni (Semur),Rata-rata DKI Jakarta,148000
2026-08-27,Ayam Broiler/Ras,Rata-rata DKI Jakarta,42350
2026-08-27,Telur Ayam Ras,Rata-rata DKI Jakarta,26300
2026-08-27,Gula Pasir,Rata-rata DKI Jakarta,18629
2026-08-27,Tepung Terigu,Rata-rata DKI Jakarta,11700
2026-08-27,Garam Dapur,Rata-rata DKI Jakarta,4833
2026-08-27,Kentang (sedang),Rata-rata DKI Jakarta,19669
2026-08-27,Tomat Buah,Rata-rata DKI Jakarta,16705
2026-08-27,Kelapa Kupas,Rata-rata DKI Jakarta,14473
2026-08-27,Semangka,Rata-rata DKI Jakarta,14450
2026-08-27,Jeruk Medan,Rata-rata DKI Jakarta,32900
2026-08-27,Daging Kambing,Rata-rata DKI Jakarta,153646
2026-08-27,Daging Babi Berlemak,Rata-rata DKI Jakarta,104583
2026-08-27,Ikan Bandeng (sedang),Rata-rata DKI Jakarta,46595
2026-08-27,Ikan Mas,Rata-rata DKI Jakarta,40587
2026-08-27,Ikan Lele,Rata-rata DKI Jakarta,31100
2026-08-27,Gas Elpiji 3kg,Rata-rata DKI Jakarta,21000
2026-08-27,Susu Bubuk Bendera 400gr,Rata-rata DKI Jakarta,46000
2026-08-27,Susu Bubuk Dancow 400gr,Rata-rata DKI Jakarta,52500
2026-08-27,Susu Kental Bendera 200gr,Rata-rata DKI Jakarta,13469
2026-08-27,Susu Kental Enak 200gr,Rata-rata DKI Jakarta,11567
2026-08-27,Margarin Blueband Cup,Rata-rata DKI Jakarta,17883
2026-08-27,Margarin Blueband Sachet,Rata-rata DKI Jakarta,10562
2026-08-27,Beras Medium,Rata-rata DKI Jakarta,13875
2026-08-27,Gula Pasir Kemasan Premium,Rata-rata DKI Jakarta,18867
2026-08-27,Minyak Goreng Kemasan Premium,Rata-rata DKI Jakarta,22900
2026-08-27,Minyak Goreng MINYAKITA,Rata-rata DKI Jakarta,17013
2026-08-27,Daging Sapi,Rata-rata DKI Jakarta,138333
2026-08-27,Cabe Rawit Ijo Besar,Rata-rata DKI Jakarta,40733
2026-08-27,Ikan Kembung,Rata-rata DKI Jakarta,52733
2026-08-27,Kacang Kedelai,Rata-rata DKI Jakarta,15533
2026-08-28,Beras IR. I (IR 64),Rata-rata DKI Jakarta,15441
2026-08-28,Beras IR. II (IR 64) Ramos,Rata-rata DKI Jakarta,14557
2026-08-28,Beras IR. III (IR 64),Rata-rata DKI Jakarta,13782
2026-08-28,Beras Muncul I,Rata-rata DKI Jakarta,15421
2026-08-28,Beras IR 42/Pera,Rata-rata DKI Jakarta,16078
2026-08-28,Beras Setra I/Premium,Rata-rata DKI Jakarta,17035
2026-08-28,Minyak Goreng (Kuning/Curah),Rata-rata DKI Jakarta,21253
2026-08-28,Cabe Merah Keriting,Rata-rata DKI Jakarta,46331
2026-08-28,Cabe Merah Besar (TW),Rata-rata DKI Jakarta,50583
2026-08-28,Cabe Rawit Merah,Rata-rata DKI Jakarta,64079
2026-08-28,Cabe Rawit Hijau,Rata-rata DKI Jakarta,53593
2026-08-28,Bawang Merah,Rata-rata DKI Jakarta,41136
2026-08-28,Bawang Putih,Rata-rata DKI Jakarta,42953
2026-08-28,Daging Sapi Has (Paha Belakang),Rata-rata DKI Jakarta,152833
2026-08-28,Daging Sapi Murni (Semur),Rata-rata DKI Jakarta,148250
2026-08-28,Ayam Broiler/Ras,Rata-rata DKI Jakarta,43388
2026-08-28,Telur Ayam Ras,Rata-rata DKI Jakarta,26350
2026-08-28,Gula Pasir,Rata-rata DKI Jakarta,18745
2026-08-28,Tepung Terigu,Rata-rata DKI Jakarta,11433
2026-08-28,Garam Dapur,Rata-rata DKI Jakarta,4842
2026-08-28,Kentang (sedang),Rata-rata DKI Jakarta,19336
2026-08-28,Tomat Buah,Rata-rata DKI Jakarta,15971
2026-08-28,Kelapa Kupas,Rata-rata DKI Jakarta,14743
2026-08-28,Semangka,Rata-rata DKI Jakarta,13933
2026-08-28,Jeruk Medan,Rata-rata DKI Jakarta,32300
2026-08-28,Daging Kambing,Rata-rata DKI Jakarta,151333
2026-08-28,Daging Babi Berlemak,Rata-rata DKI Jakarta,100833
2026-08-28,Ikan Bandeng (sedang),Rata-rata DKI Jakarta,46995
2026-08-28,Ikan Mas,Rata-rata DKI Jakarta,41373
2026-08-28,Ikan Lele,Rata-rata DKI Jakarta,31050
2026-08-28,Gas Elpiji 3kg,Rata-rata DKI Jakarta,20833
2026-08-28,Susu Bubuk Bendera 400gr,Rata-rata DKI Jakarta,46000
2026-08-28,Susu Bubuk Dancow 400gr,Rata-rata DKI Jakarta,57000
2026-08-28,Susu Kental Bendera 200gr,Rata-rata DKI Jakarta,13278
2026-08-28,Susu Kental Enak 200gr,Rata-rata DKI Jakarta,11260
2026-08-28,Margarin Blueband Cup,Rata-rata DKI Jakarta,16850
2026-08-28,Margarin Blueband Sachet,Rata-rata DKI Jakarta,10579
2026-08-28,Beras Medium,Rata-rata DKI Jakarta,13167
2026-08-28,Gula Pasir Kemasan Premium,Rata-rata DKI Jakarta,18867
2026-08-28,Minyak Goreng Kemasan Premium,Rata-rata DKI Jakarta,22767
2026-08-28,Minyak Goreng MINYAKITA,Rata-rata DKI Jakarta,17200
2026-08-28,Daging Sapi,Rata-rata DKI Jakarta,148333
2026-08-28,Cabe Rawit Ijo Besar,Rata-rata DKI Jakarta,38233
2026-08-28,Ikan Kembung,Rata-rata DKI Jakarta,48333
2026-08-28,Kacang Kedelai,Rata-rata DKI Jakarta,20222
2026-08-29,Beras IR. I (IR 64),Rata-rata DKI Jakarta,15495
2026-08-29,Beras IR. II (IR 64) Ramos,Rata-rata DKI Jakarta,14548
2026-08-29,Beras IR. III (IR 64),Rata-rata DKI Jakarta,14045
2026-08-29,Beras Muncul I,Rata-rata DKI Jakarta,15367
2026-08-29,Beras IR 42/Pera,Rata-rata DKI Jakarta,16800
2026-08-29,Beras Setra I/Premium,Rata-rata DKI Jakarta,17430
2026-08-29,Minyak Goreng (Kuning/Curah),Rata-rata DKI Jakarta,21407
2026-08-29,Cabe Merah Keriting,Rata-rata DKI Jakarta,48867
2026-08-29,Cabe Merah Besar (TW),Rata-rata DKI Jakarta,53500
2026-08-29,Cabe Rawit Merah,Rata-rata DKI Jakarta,65314
2026-08-29,Cabe Rawit Hijau,Rata-rata DKI Jakarta,53438
2026-08-29,Bawang Merah,Rata-rata DKI Jakarta,42386
2026-08-29,Bawang Putih,Rata-rata DKI Jakarta,43530
2026-08-29,Daging Sapi Has (Paha Belakang),Rata-rata DKI Jakarta,151667
2026-08-29,Daging Sapi Murni (Semur),Rata-rata DKI Jakarta,148667
2026-08-29,Ayam Broiler/Ras,Rata-rata DKI Jakarta,43791
2026-08-29,Telur Ayam Ras,Rata-rata DKI Jakarta,26435
2026-08-29,Gula Pasir,Rata-rata DKI Jakarta,18765
2026-08-29,Tepung Terigu,Rata-rata DKI Jakarta,11390
2026-08-29,Garam Dapur,Rata-rata DKI Jakarta,4673
2026-08-29,Kentang (sedang),Rata-rata DKI Jakarta,19273
2026-08-29,Tomat Buah,Rata-rata DKI Jakarta,16471
2026-08-29,Kelapa Kupas,Rata-rata DKI Jakarta,14127
2026-08-29,Semangka,Rata-rata DKI Jakarta,14067
2026-08-29,Jeruk Medan,Rata-rata DKI Jakarta,32883
2026-08-29,Daging Kambing,Rata-rata DKI Jakarta,154583
2026-08-29,Daging Babi Berlemak,Rata-rata DKI Jakarta,115000
2026-08-29,Ikan Bandeng (sedang),Rata-rata DKI Jakarta,43129
2026-08-29,Ikan Mas,Rata-rata DKI Jakarta,41507
2026-08-29,Ikan Lele,Rata-rata DKI Jakarta,30167
2026-08-29,Gas Elpiji 3kg,Rata-rata DKI Jakarta,20750
2026-08-29,Susu Bubuk Bendera 400gr,Rata-rata DKI Jakarta,46000
2026-08-29,Susu Bubuk Dancow 400gr,Rata-rata DKI Jakarta,55000
2026-08-29,Susu Kental Bendera 200gr,Rata-rata DKI Jakarta,13442
2026-08-29,Susu Kental Enak 200gr,Rata-rata DKI Jakarta,12000
2026-08-29,Margarin Blueband Cup,Rata-rata DKI Jakarta,17666
2026-08-29,Margarin Blueband Sachet,Rata-rata DKI Jakarta,10795
2026-08-29,Beras Medium,Rata-rata DKI Jakarta,14000
2026-08-29,Gula Pasir Kemasan Premium,Rata-rata DKI Jakarta,19000
2026-08-29,Minyak Goreng Kemasan Premium,Rata-rata DKI Jakarta,22250
2026-08-29,Minyak Goreng MINYAKITA,Rata-rata DKI Jakarta,18939
2026-08-29,Daging Sapi,Rata-rata DKI Jakarta,150000
2026-08-29,Cabe Rawit Ijo Besar,Rata-rata DKI Jakarta,47611
2026-08-29,Ikan Kembung,Rata-rata DKI Jakarta,49583
2026-08-29,Kacang Kedelai,Rata-rata DKI Jakarta,15667
2026-08-30,Beras IR. I (IR 64),Rata-rata DKI Jakarta,15520
2026-08-30,Beras IR. II (IR 64) Ramos,Rata-rata DKI Jakarta,14590
2026-08-30,Beras IR. III (IR 64),Rata-rata DKI Jakarta,13837
2026-08-30,Beras Muncul I,Rata-rata DKI Jakarta,15611
2026-08-30,Beras IR 42/Pera,Rata-rata DKI Jakarta,16555
2026-08-30,Beras Setra I/Premium,Rata-rata DKI Jakarta,17215
2026-08-30,Minyak Goreng (Kuning/Curah),Rata-rata DKI Jakarta,22133
2026-08-30,Cabe Merah Keriting,Rata-rata DKI Jakarta,47050
2026-08-30,Cabe Merah Besar (TW),Rata-rata DKI Jakarta,50700
2026-08-30,Cabe Rawit Merah,Rata-rata DKI Jakarta,64148
2026-08-30,Cabe Rawit Hijau,Rata-rata DKI Jakarta,52586
2026-08-30,Bawang Merah,Rata-rata DKI Jakarta,41919
2026-08-30,Bawang Putih,Rata-rata DKI Jakarta,43186
2026-08-30,Daging Sapi Has (Paha Belakang),Rata-rata DKI Jakarta,151333
2026-08-30,Daging Sapi Murni (Semur),Rata-rata DKI Jakarta,148250
2026-08-30,Ayam Broiler/Ras,Rata-rata DKI Jakarta,43185
2026-08-30,Telur Ayam Ras,Rata-rata DKI Jakarta,26479
2026-08-30,Gula Pasir,Rata-rata DKI Jakarta,18765
2026-08-30,Tepung Terigu,Rata-rata DKI Jakarta,11403
2026-08-30,Garam Dapur,Rata-rata DKI Jakarta,4852
2026-08-30,Kentang (sedang),Rata-rata DKI Jakarta,19142
2026-08-30,Tomat Buah,Rata-rata DKI Jakarta,15943
2026-08-30,Kelapa Kupas,Rata-rata DKI Jakarta,14453
2026-08-30,Semangka,Rata-rata DKI Jakarta,14233
2026-08-30,Jeruk Medan,Rata-rata DKI Jakarta,32233
2026-08-30,Daging Kambing,Rata-rata DKI Jakarta,153750
2026-08-30,Daging Babi Berlemak,Rata-rata DKI Jakarta,107778
2026-08-30,Ikan Bandeng (sedang),Rata-rata DKI Jakarta,43095
2026-08-30,Ikan Mas,Rata-rata DKI Jakarta,41703
2026-08-30,Ikan Lele,Rata-rata DKI Jakarta,30700
2026-08-30,Gas Elpiji 3kg,Rata-rata DKI Jakarta,20533
2026-08-30,Susu Bubuk Bendera 400gr,Rata-rata DKI Jakarta,46000
2026-08-30,Susu Bubuk Dancow 400gr,Rata-rata DKI Jakarta,55000
2026-08-30,Susu Kental Bendera 200gr,Rata-rata DKI Jakarta,13377
2026-08-30,Susu Kental Enak 200gr,Rata-rata DKI Jakarta,11900
2026-08-30,Margarin Blueband Cup,Rata-rata DKI Jakarta,17917
2026-08-30,Margarin Blueband Sachet,Rata-rata DKI Jakarta,10592
2026-08-30,Beras Medium,Rata-rata DKI Jakarta,14000
2026-08-30,Gula Pasir Kemasan Premium,Rata-rata DKI Jakarta,18834
2026-08-30,Minyak Goreng Kemasan Premium,Rata-rata DKI Jakarta,22792
2026-08-30,Minyak Goreng MINYAKITA,Rata-rata DKI Jakarta,17879
2026-08-30,Daging Sapi,Rata-rata DKI Jakarta,149167
2026-08-30,Cabe Rawit Ijo Besar,Rata-rata DKI Jakarta,38625
2026-08-30,Ikan Kembung,Rata-rata DKI Jakarta,47083
2026-08-30,Kacang Kedelai,Rata-rata DKI Jakarta,18556
2026-08-31,Beras IR. I (IR 64),Rata-rata DKI Jakarta,15420
2026-08-31,Beras IR. II (IR 64) Ramos,Rata-rata DKI Jakarta,14682
2026-08-31,Beras IR. III (IR 64),Rata-rata DKI Jakarta,13915
2026-08-31,Beras Muncul I,Rata-rata DKI Jakarta,15317
2026-08-31,Beras IR 42/Pera,Rata-rata DKI Jakarta,16192
2026-08-31,Beras Setra I/Premium,Rata-rata DKI Jakarta,17158
2026-08-31,Minyak Goreng (Kuning/Curah),Rata-rata DKI Jakarta,21533
2026-08-31,Cabe Merah Keriting,Rata-rata DKI Jakarta,47707
2026-08-31,Cabe Merah Besar (TW),Rata-rata DKI Jakarta,51667
2026-08-31,Cabe Rawit Merah,Rata-rata DKI Jakarta,64800
2026-08-31,Cabe Rawit Hijau,Rata-rata DKI Jakarta,53540
2026-08-31,Bawang Merah,Rata-rata DKI Jakarta,42060
2026-08-31,Bawang Putih,Rata-rata DKI Jakarta,42947
2026-08-31,Daging Sapi Has (Paha Belakang),Rata-rata DKI Jakarta,152733
2026-08-31,Daging Sapi Murni (Semur),Rata-rata DKI Jakarta,148250
2026-08-31,Ayam Broiler/Ras,Rata-rata DKI Jakarta,42447
2026-08-31,Telur Ayam Ras,Rata-rata DKI Jakarta,26580
2026-08-31,Gula Pasir,Rata-rata DKI Jakarta,18620
2026-08-31,Tepung Terigu,Rata-rata DKI Jakarta,11675
2026-08-31,Garam Dapur,Rata-rata DKI Jakarta,4848
2026-08-31,Kentang (sedang),Rata-rata DKI Jakarta,19463
2026-08-31,Tomat Buah,Rata-rata DKI Jakarta,16760
2026-08-31,Kelapa Kupas,Rata-rata DKI Jakarta,14430
2026-08-31,Semangka,Rata-rata DKI Jakarta,13933
2026-08-31,Jeruk Medan,Rata-rata DKI Jakarta,32233
2026-08-31,Daging Kambing,Rata-rata DKI Jakarta,152667
2026-08-31,Daging Babi Berlemak,Rata-rata DKI Jakarta,105833
2026-08-31,Ikan Bandeng (sedang),Rata-rata DKI Jakarta,46700
2026-08-31,Ikan Mas,Rata-rata DKI Jakarta,41320
2026-08-31,Ikan Lele,Rata-rata DKI Jakarta,31150
2026-08-31,Gas Elpiji 3kg,Rata-rata DKI Jakarta,20833
2026-08-31,Susu Bubuk Bendera 400gr,Rata-rata DKI Jakarta,46000
2026-08-31,Susu Bubuk Dancow 400gr,Rata-rata DKI Jakarta,59000
2026-08-31,Susu Kental Bendera 200gr,Rata-rata DKI Jakarta,13303
2026-08-31,Susu Kental Enak 200gr,Rata-rata DKI Jakarta,11493
2026-08-31,Margarin Blueband Cup,Rata-rata DKI Jakarta,17283
2026-08-31,Margarin Blueband Sachet,Rata-rata DKI Jakarta,10607
2026-08-31,Beras Medium,Rata-rata DKI Jakarta,13375
2026-08-31,Gula Pasir Kemasan Premium,Rata-rata DKI Jakarta,18800
2026-08-31,Minyak Goreng Kemasan Premium,Rata-rata DKI Jakarta,22400
2026-08-31,Minyak Goreng MINYAKITA,Rata-rata DKI Jakarta,17157
2026-08-31,Daging Sapi,Rata-rata DKI Jakarta,138750
2026-08-31,Cabe Rawit Ijo Besar,Rata-rata DKI Jakarta,38467
2026-08-31,Ikan Kembung,Rata-rata DKI Jakarta,50200
2026-08-31,Kacang Kedelai,Rata-rata DKI Jakarta,18000
